0,1,2,3,4,5,6,7,8,9,10,11,12,13,14,15,16,17,18,19,20,21,22,23,24,25,26,27,28,29,30,31,32,33,34,35,36,37,38,39,40,41,42,43
-1.3309536397843746,1.1438556741642336,0.4402569352729889,0.7922507560739607,2.34384402883375,-0.4499436443692835,-2.1711380538389498,-1.238419137394531,-0.997295264883693,-0.5406986566036541,-1.0037892104979562,-0.3992894854413955,-0.7142362329569328,-1.179146897517312,-0.45622639292694084,1.1145321541980449,3.4138488403048717,-0.8261116858895693,0.0,1.0,1.0,0.0,1.0,0.0,0.0,0.0,1.0,0.0,0.0,1.0,0.0,0.0,0.0,0.0,0.0,0.0,1.0,1.0,0.0,0.0,1.0,1.0,1.0,0.0
-0.5462869417025411,-0.6853872055720913,-1.3999704661326267,2.227750979235495,-1.2353507832384072,-0.4499436443692835,0.06219405883392808,-0.23601020446248228,-0.09790798262556814,-0.5406986566036541,-1.0037892104979562,0.32089018008075637,0.03642446420844665,2.1391129921929997,1.9394675906111307,0.0989838245366199,-0.7742237476924649,2.112331501200749,0.0,1.0,1.0,0.0,1.0,0.0,1.0,0.0,0.0,0.0,1.0,0.0,0.0,0.0,0.0,0.0,1.0,0.0,0.0,0.0,0.0,0.0,1.0,1.0,1.0,0.0
-1.3309536397843746,-1.6000086454402538,-1.3999704661326267,2.227750979235495,-1.2353507832384072,-0.4499436443692835,0.06219405883392808,-0.23601020446248228,-0.09790798262556814,-0.5406986566036541,-0.2263446258965981,0.32089018008075637,-0.7142362329569328,-0.8774869075436472,-2.8519203764650123,-3.9632094941090794,0.15645904964027652,-2.0014889607256965,0.0,0.0,1.0,0.0,1.0,0.0,0.0,0.0,0.0,0.0,1.0,0.0,0.0,0.0,0.0,0.0,1.0,0.0,0.0,1.0,0.0,1.0,0.0,1.0,1.0,1.0
1.8077131525429595,0.2292342342960711,-0.4798567654298188,-0.6432494670875735,-1.2353507832384072,3.5893231630367843,0.06219405883392808,1.7688076614016153,0.8014792996325567,-0.5406986566036541,-1.0037892104979562,0.32089018008075637,-0.7142362329569328,-1.7824668774646413,-2.8519203764650123,-2.439886999616942,0.15645904964027652,-2.4422554387892443,0.0,1.0,1.0,0.0,1.0,0.0,0.0,1.0,0.0,0.0,0.0,0.0,0.0,1.0,0.0,0.0,1.0,0.0,0.0,1.0,0.0,0.0,1.0,0.0,1.0,1.0
1.023046454461126,1.1438556741642336,1.3603706359757965,2.227750979235495,-1.2353507832384072,-0.4499436443692835,0.06219405883392808,0.7663987284695665,-0.09790798262556814,0.5833853926513113,-0.2263446258965981,1.0410698456029082,0.16153458040267657,-1.4808068874909766,-1.520979274499417,-0.4087903402940925,-0.7936129726368971,-1.5607224826621489,1.0,0.0,0.0,0.0,1.0,0.0,0.0,0.0,1.0,0.0,0.0,0.0,0.0,0.0,0.0,1.0,1.0,0.0,0.0,1.0,1.0,1.0,1.0,1.0,1.0,1.0
-0.5462869417025411,-0.6853872055720913,-0.4798567654298188,2.227750979235495,-0.04228584588102149,-0.4499436443692835,0.06219405883392808,-0.23601020446248228,-0.09790798262556814,0.5833853926513113,0.55109995870476,0.32089018008075637,-0.464016000568473,0.3291530523510115,0.6085264886455354,0.6067579893673323,-0.20547314932245633,0.4961877483010741,0.0,0.0,1.0,1.0,1.0,0.0,0.0,1.0,0.0,0.0,0.0,1.0,0.0,0.0,0.0,0.0,1.0,0.0,0.0,1.0,1.0,0.0,1.0,1.0,1.0,0.0
1.023046454461126,1.1438556741642336,-0.4798567654298188,-0.6432494670875735,-0.04228584588102149,-0.4499436443692835,0.06219405883392808,-0.23601020446248228,-0.997295264883693,-0.5406986566036541,1.328544543306118,1.0410698456029082,0.6619750451795962,0.3291530523510115,0.07615004785929728,-0.4087903402940925,-0.7483714477665555,0.2023434295920422,0.0,1.0,1.0,0.0,1.0,0.0,0.0,0.0,1.0,0.0,1.0,0.0,0.0,1.0,0.0,0.0,1.0,0.0,0.0,1.0,1.0,1.0,1.0,1.0,1.0,1.0
1.023046454461126,1.1438556741642336,0.4402569352729889,0.7922507560739607,-1.2353507832384072,-0.4499436443692835,0.06219405883392808,-1.238419137394531,-0.09790798262556814,-0.5406986566036541,-0.2263446258965981,-1.8396488164856992,0.28664469659690645,-0.2741669275963179,0.07615004785929728,0.6067579893673323,-0.808693480927011,-0.09150088911698963,0.0,1.0,1.0,1.0,1.0,0.0,0.0,0.0,1.0,0.0,0.0,1.0,0.0,0.0,0.0,0.0,1.0,0.0,0.0,0.0,1.0,1.0,1.0,1.0,1.0,0.0
-0.5462869417025411,1.1438556741642336,1.3603706359757965,-0.6432494670875735,-1.2353507832384072,-0.4499436443692835,1.178860115170367,-0.23601020446248228,0.8014792996325567,-0.5406986566036541,-0.2263446258965981,-1.8396488164856992,0.03642446420844665,0.027493062377346802,0.8747147090386544,1.6223063190287572,-0.7742237476924649,0.4961877483010741,0.0,0.0,1.0,0.0,1.0,0.0,1.0,0.0,0.0,0.0,1.0,0.0,0.0,0.0,0.0,1.0,1.0,0.0,0.0,0.0,0.0,1.0,0.0,1.0,1.0,0.0
-1.3309536397843746,-0.6853872055720913,-0.4798567654298188,-0.6432494670875735,1.1507790914763643,-0.4499436443692835,0.06219405883392808,1.7688076614016153,-0.997295264883693,-0.5406986566036541,-1.0037892104979562,-0.3992894854413955,-0.7142362329569328,0.9324730322983409,1.4070911498248926,1.1145321541980449,2.3280522434166735,1.2307985450736536,0.0,1.0,1.0,0.0,0.0,0.0,1.0,0.0,0.0,0.0,1.0,0.0,0.0,1.0,0.0,0.0,0.0,1.0,0.0,1.0,0.0,0.0,1.0,1.0,1.0,1.0
0.23837975637929248,-1.6000086454402538,-1.3999704661326267,-0.6432494670875735,1.1507790914763643,-0.4499436443692835,0.06219405883392808,-0.23601020446248228,-0.09790798262556814,-0.5406986566036541,-1.0037892104979562,-0.3992894854413955,0.03642446420844665,0.6308130423246762,0.34233826825241637,-0.4087903402940925,-0.46399614858155114,0.4961877483010741,0.0,0.0,1.0,0.0,1.0,0.0,0.0,1.0,0.0,0.0,0.0,0.0,1.0,0.0,0.0,1.0,1.0,0.0,0.0,1.0,1.0,0.0,1.0,1.0,1.0,0.0
1.8077131525429595,0.2292342342960711,-1.3999704661326267,-0.6432494670875735,1.1507790914763643,0.8964786247660724,1.178860115170367,0.7663987284695665,-0.09790798262556814,-0.5406986566036541,-0.2263446258965981,1.0410698456029082,0.7870851613738261,0.9324730322983409,0.6085264886455354,-0.4087903402940925,-0.6787691018121839,0.790032067010106,0.0,0.0,0.0,0.0,0.0,0.0,0.0,1.0,0.0,0.0,0.0,0.0,0.0,1.0,0.0,0.0,0.0,1.0,0.0,0.0,1.0,0.0,1.0,1.0,0.0,0.0
1.023046454461126,1.1438556741642336,1.3603706359757965,0.7922507560739607,-0.04228584588102149,-0.4499436443692835,0.06219405883392808,-0.23601020446248228,0.8014792996325567,0.5833853926513113,-0.2263446258965981,0.32089018008075637,0.28664469659690645,0.3291530523510115,-0.19003817253382177,-0.9165645051248049,-0.6880494146061,0.05542127023752629,0.0,0.0,0.0,0.0,1.0,0.0,0.0,0.0,1.0,0.0,1.0,0.0,0.0,0.0,0.0,1.0,1.0,0.0,0.0,0.0,1.0,1.0,1.0,1.0,1.0,0.0
1.8077131525429595,0.2292342342960711,-0.4798567654298188,0.7922507560739607,-0.04228584588102149,0.8964786247660724,0.06219405883392808,-1.238419137394531,-0.997295264883693,-0.5406986566036541,-0.2263446258965981,-1.8396488164856992,2.038186323316125,0.6308130423246762,-0.19003817253382177,-1.4243386699555172,-0.8349204518663393,0.2023434295920422,0.0,0.0,1.0,1.0,1.0,0.0,0.0,1.0,0.0,0.0,1.0,0.0,0.0,0.0,0.0,1.0,0.0,1.0,0.0,1.0,1.0,0.0,0.0,1.0,1.0,1.0
0.23837975637929248,-0.6853872055720913,-1.3999704661326267,-0.6432494670875735,-1.2353507832384072,-0.4499436443692835,0.06219405883392808,0.7663987284695665,-0.997295264883693,0.5833853926513113,1.328544543306118,1.0410698456029082,-0.7142362329569328,-0.8774869075436472,0.34233826825241637,2.13008048385947,0.15645904964027652,-0.23842304847150556,0.0,1.0,0.0,0.0,1.0,0.0,1.0,0.0,0.0,0.0,1.0,0.0,0.0,0.0,0.0,0.0,1.0,0.0,0.0,0.0,0.0,0.0,0.0,1.0,1.0,0.0
-1.3309536397843746,1.1438556741642336,-0.4798567654298188,-0.6432494670875735,1.1507790914763643,-0.4499436443692835,-1.0544719975025107,-1.238419137394531,-0.997295264883693,-0.5406986566036541,-1.0037892104979562,1.0410698456029082,-0.464016000568473,1.2341330222720055,0.8747147090386544,-0.4087903402940925,0.15645904964027652,1.0838763857191378,0.0,0.0,1.0,0.0,1.0,1.0,0.0,0.0,0.0,0.0,0.0,1.0,0.0,1.0,0.0,0.0,1.0,0.0,0.0,1.0,1.0,1.0,1.0,1.0,1.0,1.0
-1.3309536397843746,-1.6000086454402538,-1.3999704661326267,0.7922507560739607,2.34384402883375,0.8964786247660724,-1.0544719975025107,-2.2408280703265797,-0.997295264883693,-0.5406986566036541,-1.0037892104979562,-1.8396488164856992,-0.464016000568473,-1.179146897517312,-0.19003817253382177,1.6223063190287572,0.5183912486030092,-0.6791895265350534,0.0,0.0,0.0,0.0,1.0,0.0,0.0,0.0,0.0,0.0,1.0,0.0,0.0,1.0,0.0,0.0,1.0,0.0,1.0,1.0,1.0,1.0,1.0,1.0,1.0,0.0
-1.3309536397843746,-0.6853872055720913,1.3603706359757965,-0.6432494670875735,1.1507790914763643,-0.4499436443692835,0.06219405883392808,-0.23601020446248228,-0.997295264883693,-0.5406986566036541,-1.0037892104979562,1.0410698456029082,-0.464016000568473,-0.2741669275963179,-0.45622639292694084,-0.4087903402940925,0.15645904964027652,-0.3853452078260215,0.0,0.0,0.0,0.0,1.0,0.0,0.0,1.0,0.0,1.0,0.0,0.0,0.0,0.0,0.0,0.0,1.0,0.0,1.0,1.0,1.0,1.0,1.0,1.0,1.0,0.0
2.592379850624793,0.2292342342960711,-0.4798567654298188,-0.6432494670875735,-1.2353507832384072,-0.4499436443692835,1.178860115170367,1.7688076614016153,-0.09790798262556814,-0.5406986566036541,-1.0037892104979562,1.0410698456029082,-0.7142362329569328,1.837453002219335,1.9394675906111307,0.6067579893673323,0.15645904964027652,1.9654093418462333,0.0,1.0,1.0,0.0,0.0,0.0,0.0,1.0,0.0,0.0,1.0,0.0,0.0,0.0,0.0,0.0,0.0,1.0,0.0,0.0,0.0,1.0,1.0,1.0,0.0,0.0
-0.5462869417025411,-0.6853872055720913,-0.4798567654298188,0.7922507560739607,-0.04228584588102149,0.8964786247660724,0.06219405883392808,0.7663987284695665,-0.997295264883693,-0.5406986566036541,-1.0037892104979562,-0.3992894854413955,0.7870851613738261,0.027493062377346802,-0.19003817253382177,-0.4087903402940925,-0.7622919169574298,-0.09150088911698963,0.0,1.0,1.0,0.0,1.0,0.0,0.0,1.0,0.0,0.0,1.0,0.0,0.0,0.0,0.0,1.0,0.0,0.0,0.0,0.0,1.0,1.0,0.0,1.0,1.0,0.0
0.23837975637929248,-0.6853872055720913,-0.4798567654298188,-0.6432494670875735,1.1507790914763643,-0.4499436443692835,0.06219405883392808,-0.23601020446248228,-0.09790798262556814,-0.5406986566036541,-1.0037892104979562,0.32089018008075637,-0.21379576818001317,-0.5758269175699826,-0.19003817253382177,0.6067579893673323,-0.27785958911500286,-0.3853452078260215,0.0,0.0,1.0,0.0,1.0,0.0,0.0,0.0,0.0,0.0,0.0,0.0,0.0,0.0,0.0,0.0,1.0,0.0,0.0,1.0,1.0,1.0,1.0,1.0,1.0,0.0
1.023046454461126,-0.6853872055720913,-1.3999704661326267,0.7922507560739607,-0.04228584588102149,-0.4499436443692835,1.178860115170367,-0.23601020446248228,-0.09790798262556814,-0.5406986566036541,-0.2263446258965981,-1.8396488164856992,-0.7142362329569328,-0.8774869075436472,-0.7224146133200599,0.0989838245366199,1.242255646528475,-0.8261116858895693,0.0,0.0,1.0,0.0,1.0,0.0,0.0,1.0,0.0,0.0,1.0,0.0,0.0,0.0,0.0,0.0,1.0,0.0,0.0,1.0,1.0,1.0,1.0,1.0,1.0,0.0
-0.5462869417025411,-1.6000086454402538,-2.3200841668354344,0.7922507560739607,-0.04228584588102149,-0.4499436443692835,0.06219405883392808,-0.23601020446248228,-0.997295264883693,-0.5406986566036541,-1.0037892104979562,-0.3992894854413955,-0.464016000568473,0.6308130423246762,1.1409029294317736,1.1145321541980449,-0.20547314932245633,0.9369542263646219,0.0,1.0,1.0,0.0,1.0,0.0,1.0,0.0,0.0,0.0,1.0,0.0,0.0,0.0,0.0,1.0,1.0,0.0,0.0,1.0,1.0,1.0,1.0,1.0,1.0,1.0
-0.5462869417025411,0.2292342342960711,-0.4798567654298188,-0.6432494670875735,-0.04228584588102149,-0.4499436443692835,-3.2878041101753888,-1.238419137394531,-0.997295264883693,-0.5406986566036541,-0.2263446258965981,-1.8396488164856992,1.0373053937622858,0.3291530523510115,0.6085264886455354,0.6067579893673323,-0.7845646676628288,0.4961877483010741,0.0,0.0,1.0,0.0,1.0,0.0,1.0,0.0,0.0,0.0,1.0,0.0,0.0,0.0,0.0,1.0,1.0,0.0,0.0,1.0,1.0,0.0,1.0,1.0,1.0,0.0
1.023046454461126,-0.6853872055720913,-0.4798567654298188,0.7922507560739607,1.1507790914763643,-0.4499436443692835,1.178860115170367,-0.23601020446248228,-0.09790798262556814,-0.5406986566036541,0.55109995870476,0.32089018008075637,-0.464016000568473,-0.2741669275963179,-0.45622639292694084,-0.4087903402940925,0.15645904964027652,-0.3853452078260215,1.0,0.0,0.0,0.0,1.0,0.0,0.0,0.0,0.0,0.0,1.0,0.0,0.0,0.0,1.0,0.0,1.0,0.0,0.0,0.0,1.0,0.0,1.0,1.0,0.0,0.0
-0.5462869417025411,-1.6000086454402538,0.4402569352729889,-0.6432494670875735,-0.04228584588102149,3.5893231630367843,0.06219405883392808,-0.23601020446248228,1.7008665818906816,-0.5406986566036541,-1.0037892104979562,-0.3992894854413955,-0.7142362329569328,-0.8774869075436472,-0.9886028337131789,-0.4087903402940925,1.242255646528475,-0.9730338452440852,0.0,0.0,1.0,0.0,1.0,0.0,0.0,0.0,0.0,0.0,0.0,1.0,0.0,1.0,0.0,0.0,1.0,0.0,0.0,0.0,0.0,1.0,0.0,1.0,1.0,1.0
1.023046454461126,-1.6000086454402538,-1.3999704661326267,3.663251202397029,1.1507790914763643,-0.4499436443692835,0.06219405883392808,-0.23601020446248228,-0.997295264883693,-0.5406986566036541,-0.2263446258965981,0.32089018008075637,-0.464016000568473,-0.8774869075436472,-0.7224146133200599,0.0989838245366199,0.15645904964027652,-0.8261116858895693,1.0,0.0,0.0,0.0,1.0,0.0,1.0,0.0,0.0,0.0,1.0,0.0,0.0,1.0,0.0,0.0,1.0,0.0,0.0,0.0,0.0,0.0,1.0,1.0,1.0,0.0
-0.5462869417025411,-0.6853872055720913,-0.4798567654298188,-0.6432494670875735,-0.04228584588102149,-0.4499436443692835,-1.0544719975025107,-0.23601020446248228,0.8014792996325567,-0.5406986566036541,-1.0037892104979562,0.32089018008075637,-0.7142362329569328,0.3291530523510115,0.6085264886455354,0.6067579893673323,1.242255646528475,0.4961877483010741,0.0,0.0,1.0,0.0,0.0,0.0,1.0,0.0,0.0,0.0,1.0,0.0,0.0,0.0,0.0,1.0,1.0,0.0,1.0,1.0,1.0,0.0,1.0,1.0,1.0,0.0
-0.5462869417025411,1.1438556741642336,1.3603706359757965,-0.6432494670875735,-0.04228584588102149,-0.4499436443692835,0.06219405883392808,0.7663987284695665,-0.997295264883693,-0.5406986566036541,-1.0037892104979562,-0.3992894854413955,-0.7142362329569328,0.9324730322983409,0.8747147090386544,0.0989838245366199,1.242255646528475,0.9369542263646219,0.0,0.0,1.0,0.0,1.0,1.0,0.0,0.0,0.0,1.0,0.0,0.0,0.0,0.0,0.0,1.0,1.0,0.0,0.0,1.0,1.0,0.0,1.0,1.0,1.0,1.0
0.23837975637929248,1.1438556741642336,1.3603706359757965,0.7922507560739607,-1.2353507832384072,0.8964786247660724,0.06219405883392808,-1.238419137394531,0.8014792996325567,0.5833853926513113,0.55109995870476,-1.1194691509635473,2.288406555704585,2.1391129921929997,1.9394675906111307,0.0989838245366199,-0.885905683372394,2.112331501200749,0.0,0.0,1.0,0.0,1.0,0.0,0.0,1.0,0.0,0.0,0.0,0.0,1.0,1.0,0.0,0.0,1.0,0.0,0.0,1.0,0.0,0.0,1.0,1.0,1.0,0.0
-1.3309536397843746,1.1438556741642336,1.3603706359757965,-0.6432494670875735,-0.04228584588102149,0.8964786247660724,0.06219405883392808,0.7663987284695665,0.8014792996325567,-0.5406986566036541,-1.0037892104979562,-0.3992894854413955,-0.464016000568473,-1.179146897517312,-0.9886028337131789,0.0989838245366199,-0.20547314932245633,-1.1199560045986012,0.0,0.0,1.0,0.0,1.0,0.0,0.0,1.0,0.0,0.0,0.0,0.0,1.0,0.0,1.0,0.0,0.0,0.0,1.0,1.0,0.0,1.0,0.0,1.0,1.0,0.0
-0.5462869417025411,-0.6853872055720913,-0.4798567654298188,0.7922507560739607,-0.04228584588102149,-0.4499436443692835,-1.0544719975025107,0.7663987284695665,0.8014792996325567,-0.5406986566036541,1.328544543306118,1.0410698456029082,-0.464016000568473,0.6308130423246762,0.6085264886455354,0.0989838245366199,-0.20547314932245633,0.64310990765559,0.0,0.0,1.0,0.0,1.0,0.0,0.0,1.0,0.0,0.0,1.0,0.0,0.0,0.0,0.0,1.0,1.0,0.0,0.0,0.0,1.0,1.0,0.0,1.0,1.0,0.0
-1.3309536397843746,1.1438556741642336,1.3603706359757965,-0.6432494670875735,-0.04228584588102149,-0.4499436443692835,1.178860115170367,0.7663987284695665,-0.997295264883693,1.7074694419062766,1.328544543306118,1.0410698456029082,-0.7142362329569328,-0.5758269175699826,0.07615004785929728,1.1145321541980449,1.242255646528475,-0.23842304847150556,0.0,1.0,1.0,0.0,1.0,1.0,0.0,0.0,0.0,0.0,0.0,1.0,0.0,1.0,0.0,0.0,1.0,0.0,0.0,1.0,1.0,0.0,0.0,1.0,1.0,0.0
0.23837975637929248,-0.6853872055720913,-1.3999704661326267,0.7922507560739607,-0.04228584588102149,-0.4499436443692835,0.06219405883392808,-1.238419137394531,1.7008665818906816,-0.5406986566036541,-0.2263446258965981,1.0410698456029082,-0.464016000568473,-1.4808068874909766,-1.254791054106298,0.0989838245366199,-0.20547314932245633,-1.413800323307633,0.0,0.0,0.0,0.0,1.0,0.0,0.0,0.0,0.0,0.0,0.0,1.0,0.0,0.0,0.0,1.0,1.0,0.0,0.0,1.0,0.0,1.0,1.0,1.0,1.0,0.0
1.8077131525429595,1.1438556741642336,1.3603706359757965,0.7922507560739607,-0.04228584588102149,-0.4499436443692835,-2.1711380538389498,-0.23601020446248228,0.8014792996325567,0.5833853926513113,0.55109995870476,-1.1194691509635473,-0.7142362329569328,-0.2741669275963179,-0.45622639292694084,-0.4087903402940925,1.242255646528475,-0.3853452078260215,0.0,0.0,1.0,0.0,1.0,1.0,0.0,0.0,0.0,0.0,1.0,0.0,0.0,0.0,0.0,1.0,0.0,1.0,0.0,1.0,1.0,1.0,1.0,1.0,1.0,0.0
-0.5462869417025411,-0.6853872055720913,-1.3999704661326267,-0.6432494670875735,-0.04228584588102149,-0.4499436443692835,0.06219405883392808,-1.238419137394531,-0.09790798262556814,-0.5406986566036541,-0.2263446258965981,1.0410698456029082,-0.7142362329569328,1.2341330222720055,1.1409029294317736,0.0989838245366199,1.242255646528475,1.2307985450736536,0.0,1.0,1.0,1.0,1.0,0.0,1.0,0.0,0.0,0.0,1.0,0.0,0.0,0.0,0.0,0.0,1.0,0.0,0.0,0.0,1.0,1.0,1.0,1.0,1.0,1.0
0.23837975637929248,-1.6000086454402538,-0.4798567654298188,-0.6432494670875735,-1.2353507832384072,-0.4499436443692835,-2.1711380538389498,-1.238419137394531,-0.997295264883693,1.7074694419062766,0.55109995870476,1.0410698456029082,0.28664469659690645,1.5357930122456702,0.34233826825241637,-1.9321128347862297,-0.808693480927011,0.9369542263646219,0.0,1.0,0.0,1.0,1.0,0.0,1.0,0.0,0.0,0.0,1.0,0.0,0.0,0.0,0.0,1.0,1.0,0.0,0.0,0.0,0.0,0.0,1.0,1.0,0.0,0.0
1.023046454461126,1.1438556741642336,-0.4798567654298188,0.7922507560739607,-1.2353507832384072,0.8964786247660724,1.178860115170367,0.7663987284695665,-0.09790798262556814,2.831553491161242,0.55109995870476,-0.3992894854413955,1.0373053937622858,-1.4808068874909766,-1.520979274499417,-0.4087903402940925,-0.8569511074553753,-1.5607224826621489,1.0,1.0,0.0,0.0,1.0,0.0,1.0,0.0,0.0,0.0,1.0,0.0,0.0,1.0,0.0,0.0,0.0,0.0,0.0,0.0,1.0,0.0,1.0,1.0,0.0,0.0
-0.5462869417025411,1.1438556741642336,0.4402569352729889,-0.6432494670875735,1.1507790914763643,-0.4499436443692835,-1.0544719975025107,0.7663987284695665,0.8014792996325567,0.5833853926513113,1.328544543306118,0.32089018008075637,-0.464016000568473,-0.2741669275963179,-0.45622639292694084,-0.4087903402940925,0.15645904964027652,-0.3853452078260215,0.0,0.0,1.0,0.0,1.0,0.0,0.0,0.0,1.0,1.0,0.0,0.0,0.0,1.0,0.0,0.0,1.0,0.0,1.0,1.0,1.0,1.0,1.0,1.0,1.0,0.0
0.23837975637929248,-0.6853872055720913,-0.4798567654298188,-0.6432494670875735,1.1507790914763643,-0.4499436443692835,-1.0544719975025107,-0.23601020446248228,-0.997295264883693,0.5833853926513113,-0.2263446258965981,-0.3992894854413955,-0.33890588437424307,0.027493062377346802,0.07615004785929728,0.0989838245366199,-0.11499009958177309,0.05542127023752629,0.0,0.0,0.0,1.0,1.0,0.0,0.0,1.0,0.0,0.0,0.0,1.0,0.0,0.0,0.0,0.0,1.0,0.0,0.0,1.0,1.0,1.0,1.0,1.0,1.0,0.0
-0.5462869417025411,-0.6853872055720913,-0.4798567654298188,-0.6432494670875735,-1.2353507832384072,2.2429008939014285,-3.2878041101753888,-1.238419137394531,-0.997295264883693,-0.5406986566036541,0.55109995870476,1.0410698456029082,1.0373053937622858,-1.4808068874909766,-0.45622639292694084,1.6223063190287572,-0.8569511074553753,-0.9730338452440852,0.0,0.0,1.0,0.0,1.0,0.0,0.0,1.0,0.0,0.0,0.0,1.0,0.0,1.0,0.0,0.0,1.0,0.0,0.0,1.0,1.0,0.0,0.0,1.0,1.0,0.0
0.23837975637929248,-1.6000086454402538,-1.3999704661326267,-0.6432494670875735,-0.04228584588102149,-0.4499436443692835,1.178860115170367,-0.23601020446248228,-0.09790798262556814,-0.5406986566036541,-1.0037892104979562,-0.3992894854413955,-0.7142362329569328,-0.8774869075436472,-0.7224146133200599,0.0989838245366199,1.242255646528475,-0.8261116858895693,0.0,0.0,1.0,0.0,1.0,0.0,0.0,0.0,0.0,0.0,0.0,1.0,0.0,0.0,0.0,0.0,1.0,0.0,0.0,0.0,0.0,1.0,1.0,1.0,1.0,0.0
1.023046454461126,1.1438556741642336,1.3603706359757965,-0.6432494670875735,-0.04228584588102149,0.8964786247660724,-2.1711380538389498,0.7663987284695665,0.8014792996325567,-0.5406986566036541,-1.0037892104979562,0.32089018008075637,1.1624155099565159,-0.5758269175699826,-0.7224146133200599,-0.4087903402940925,-0.7936129726368971,-0.6791895265350534,0.0,0.0,1.0,0.0,1.0,1.0,0.0,0.0,0.0,1.0,0.0,0.0,0.0,0.0,0.0,1.0,0.0,0.0,1.0,1.0,0.0,1.0,1.0,1.0,1.0,1.0
0.23837975637929248,-0.6853872055720913,-0.4798567654298188,-0.6432494670875735,-0.04228584588102149,0.8964786247660724,-1.0544719975025107,-0.23601020446248228,-1.896682547141818,-0.5406986566036541,-0.2263446258965981,0.32089018008075637,-0.7142362329569328,-0.5758269175699826,-0.7224146133200599,-0.4087903402940925,1.242255646528475,-0.6791895265350534,0.0,0.0,1.0,0.0,0.0,0.0,0.0,0.0,0.0,0.0,0.0,0.0,0.0,1.0,0.0,0.0,0.0,0.0,0.0,1.0,0.0,0.0,1.0,1.0,1.0,1.0
-1.3309536397843746,0.2292342342960711,0.4402569352729889,-0.6432494670875735,2.34384402883375,-0.4499436443692835,0.06219405883392808,-0.23601020446248228,-0.09790798262556814,-0.5406986566036541,-1.0037892104979562,0.32089018008075637,0.5368649289853663,-0.2741669275963179,0.07615004785929728,0.6067579893673323,-0.5345024211067588,-0.09150088911698963,0.0,0.0,1.0,0.0,0.0,0.0,1.0,0.0,0.0,1.0,0.0,0.0,0.0,0.0,0.0,1.0,0.0,0.0,1.0,0.0,0.0,0.0,1.0,1.0,0.0,0.0
0.23837975637929248,1.1438556741642336,0.4402569352729889,-0.6432494670875735,1.1507790914763643,-0.4499436443692835,0.06219405883392808,0.7663987284695665,-0.09790798262556814,-0.5406986566036541,0.55109995870476,0.32089018008075637,-0.7142362329569328,0.6308130423246762,1.1409029294317736,1.1145321541980449,2.3280522434166735,0.9369542263646219,0.0,0.0,1.0,0.0,1.0,1.0,0.0,0.0,0.0,0.0,1.0,0.0,0.0,0.0,0.0,1.0,1.0,0.0,0.0,1.0,1.0,1.0,1.0,1.0,1.0,1.0
-1.3309536397843746,-1.6000086454402538,-1.3999704661326267,-0.6432494670875735,-0.04228584588102149,-0.4499436443692835,0.06219405883392808,0.7663987284695665,-0.997295264883693,-0.5406986566036541,-0.2263446258965981,1.0410698456029082,-0.7142362329569328,-0.8774869075436472,0.07615004785929728,1.6223063190287572,1.242255646528475,-0.3853452078260215,0.0,0.0,1.0,0.0,1.0,0.0,1.0,0.0,0.0,0.0,0.0,1.0,0.0,0.0,0.0,0.0,0.0,0.0,0.0,1.0,1.0,0.0,1.0,1.0,1.0,0.0
-1.3309536397843746,1.1438556741642336,0.4402569352729889,-0.6432494670875735,-0.04228584588102149,-0.4499436443692835,0.06219405883392808,0.7663987284695665,-1.896682547141818,-0.5406986566036541,-1.0037892104979562,-1.8396488164856992,-0.7142362329569328,0.6308130423246762,0.8747147090386544,0.6067579893673323,1.242255646528475,0.790032067010106,0.0,1.0,1.0,0.0,1.0,0.0,0.0,0.0,1.0,0.0,1.0,0.0,0.0,0.0,0.0,1.0,1.0,0.0,0.0,0.0,0.0,0.0,1.0,1.0,1.0,0.0
-1.3309536397843746,0.2292342342960711,-0.4798567654298188,-0.6432494670875735,-0.04228584588102149,3.5893231630367843,-1.0544719975025107,-0.23601020446248228,-0.997295264883693,-0.5406986566036541,-1.0037892104979562,-0.3992894854413955,-0.7142362329569328,-1.4808068874909766,-0.9886028337131789,0.6067579893673323,1.242255646528475,-1.266878163953117,0.0,0.0,1.0,0.0,1.0,1.0,0.0,0.0,0.0,0.0,0.0,1.0,0.0,1.0,0.0,0.0,0.0,0.0,0.0,1.0,0.0,0.0,1.0,1.0,1.0,0.0
-1.3309536397843746,1.1438556741642336,1.3603706359757965,0.7922507560739607,-0.04228584588102149,-0.4499436443692835,0.06219405883392808,0.7663987284695665,-0.09790798262556814,-0.5406986566036541,-1.0037892104979562,-1.1194691509635473,-0.464016000568473,0.027493062377346802,0.6085264886455354,1.1145321541980449,-0.20547314932245633,0.3492655889465581,0.0,1.0,1.0,0.0,1.0,0.0,1.0,0.0,0.0,0.0,0.0,0.0,1.0,0.0,0.0,1.0,0.0,0.0,0.0,1.0,0.0,1.0,1.0,1.0,0.0,0.0
0.23837975637929248,-2.5146300853084163,-0.4798567654298188,0.7922507560739607,1.1507790914763643,-0.4499436443692835,-1.0544719975025107,-0.23601020446248228,-0.09790798262556814,0.5833853926513113,0.55109995870476,-1.1194691509635473,-0.7142362329569328,1.5357930122456702,1.1409029294317736,-0.4087903402940925,2.3280522434166735,1.3777207044281696,0.0,0.0,1.0,1.0,1.0,0.0,0.0,0.0,0.0,0.0,0.0,0.0,0.0,1.0,0.0,0.0,0.0,0.0,0.0,0.0,0.0,0.0,1.0,1.0,1.0,0.0
0.23837975637929248,0.2292342342960711,0.4402569352729889,-0.6432494670875735,-0.04228584588102149,-0.4499436443692835,0.06219405883392808,-0.23601020446248228,0.8014792996325567,-0.5406986566036541,1.328544543306118,0.32089018008075637,-0.21379576818001317,-1.4808068874909766,-1.520979274499417,-0.4087903402940925,-0.4950189084926425,-1.5607224826621489,0.0,1.0,1.0,0.0,1.0,0.0,1.0,0.0,0.0,0.0,1.0,0.0,0.0,0.0,0.0,1.0,0.0,0.0,0.0,0.0,0.0,1.0,0.0,1.0,1.0,0.0
0.23837975637929248,-0.6853872055720913,1.3603706359757965,-0.6432494670875735,1.1507790914763643,-0.4499436443692835,0.06219405883392808,0.7663987284695665,-0.09790798262556814,-0.5406986566036541,-1.0037892104979562,1.0410698456029082,0.16153458040267657,0.3291530523510115,0.8747147090386544,1.1145321541980449,-0.5221638234148475,0.64310990765559,0.0,0.0,0.0,0.0,1.0,0.0,0.0,0.0,0.0,0.0,1.0,0.0,0.0,0.0,0.0,0.0,0.0,0.0,0.0,1.0,0.0,0.0,1.0,1.0,1.0,1.0
-0.5462869417025411,1.1438556741642336,-0.4798567654298188,-0.6432494670875735,-0.04228584588102149,-0.4499436443692835,0.06219405883392808,1.7688076614016153,-1.896682547141818,-0.5406986566036541,0.55109995870476,1.0410698456029082,-0.464016000568473,1.2341330222720055,1.1409029294317736,0.0989838245366199,-0.20547314932245633,1.2307985450736536,0.0,1.0,1.0,1.0,1.0,0.0,0.0,0.0,1.0,0.0,1.0,0.0,0.0,0.0,0.0,0.0,1.0,0.0,0.0,0.0,0.0,1.0,1.0,1.0,1.0,0.0
0.23837975637929248,1.1438556741642336,-0.4798567654298188,0.7922507560739607,1.1507790914763643,-0.4499436443692835,0.06219405883392808,-0.23601020446248228,-0.09790798262556814,-0.5406986566036541,-1.0037892104979562,-0.3992894854413955,-0.7142362329569328,1.2341330222720055,0.34233826825241637,-1.4243386699555172,2.3280522434166735,0.790032067010106,0.0,0.0,1.0,0.0,1.0,0.0,1.0,0.0,0.0,0.0,1.0,0.0,0.0,0.0,0.0,1.0,1.0,0.0,0.0,1.0,1.0,0.0,1.0,1.0,1.0,0.0
0.23837975637929248,1.1438556741642336,0.4402569352729889,0.7922507560739607,1.1507790914763643,-0.4499436443692835,0.06219405883392808,0.7663987284695665,-0.997295264883693,-0.5406986566036541,-1.0037892104979562,0.32089018008075637,0.03642446420844665,-1.179146897517312,-0.9886028337131789,0.0989838245366199,-0.46399614858155114,-1.1199560045986012,0.0,0.0,0.0,0.0,1.0,0.0,0.0,0.0,1.0,0.0,1.0,0.0,0.0,0.0,0.0,1.0,1.0,0.0,0.0,1.0,1.0,1.0,1.0,1.0,1.0,1.0
-0.5462869417025411,1.1438556741642336,0.4402569352729889,-0.6432494670875735,-0.04228584588102149,-0.4499436443692835,0.06219405883392808,-0.23601020446248228,1.7008665818906816,-0.5406986566036541,2.1059891279074763,-1.1194691509635473,-0.464016000568473,1.5357930122456702,1.4070911498248926,0.0989838245366199,-0.20547314932245633,1.5246428637826857,0.0,0.0,1.0,0.0,1.0,1.0,0.0,0.0,0.0,0.0,1.0,0.0,0.0,1.0,0.0,0.0,1.0,0.0,0.0,1.0,0.0,1.0,1.0,1.0,1.0,0.0
0.23837975637929248,1.1438556741642336,1.3603706359757965,-0.6432494670875735,-1.2353507832384072,-0.4499436443692835,0.06219405883392808,-1.238419137394531,-1.896682547141818,-0.5406986566036541,-1.0037892104979562,0.32089018008075637,-0.7142362329569328,0.027493062377346802,0.07615004785929728,0.0989838245366199,0.15645904964027652,0.05542127023752629,0.0,0.0,1.0,0.0,1.0,0.0,1.0,0.0,0.0,0.0,0.0,0.0,1.0,0.0,0.0,0.0,1.0,0.0,1.0,1.0,0.0,0.0,1.0,1.0,0.0,1.0
0.23837975637929248,1.1438556741642336,1.3603706359757965,-0.6432494670875735,-0.04228584588102149,-0.4499436443692835,0.06219405883392808,1.7688076614016153,1.7008665818906816,-0.5406986566036541,0.55109995870476,-1.1194691509635473,1.0373053937622858,0.027493062377346802,-0.45622639292694084,-0.9165645051248049,-0.7845646676628288,-0.23842304847150556,0.0,1.0,1.0,0.0,1.0,0.0,0.0,0.0,1.0,0.0,0.0,0.0,1.0,0.0,0.0,1.0,1.0,0.0,1.0,1.0,0.0,1.0,1.0,1.0,1.0,1.0
-1.3309536397843746,1.1438556741642336,1.3603706359757965,0.7922507560739607,-0.04228584588102149,2.2429008939014285,0.06219405883392808,0.7663987284695665,0.8014792996325567,0.5833853926513113,0.55109995870476,1.0410698456029082,0.03642446420844665,-1.179146897517312,-0.45622639292694084,1.1145321541980449,-0.619109948137008,-0.8261116858895693,0.0,0.0,1.0,0.0,1.0,0.0,0.0,1.0,0.0,0.0,0.0,1.0,0.0,0.0,0.0,1.0,0.0,0.0,0.0,0.0,1.0,0.0,1.0,1.0,1.0,1.0
-0.5462869417025411,1.1438556741642336,1.3603706359757965,-0.6432494670875735,-0.04228584588102149,-0.4499436443692835,0.06219405883392808,-1.238419137394531,0.8014792996325567,0.5833853926513113,1.328544543306118,-1.8396488164856992,-0.464016000568473,0.9324730322983409,0.6085264886455354,-0.4087903402940925,-0.20547314932245633,0.790032067010106,0.0,1.0,1.0,0.0,1.0,1.0,0.0,0.0,0.0,0.0,1.0,0.0,0.0,0.0,0.0,1.0,0.0,0.0,0.0,1.0,1.0,1.0,1.0,1.0,1.0,0.0
1.023046454461126,-1.6000086454402538,0.4402569352729889,-0.6432494670875735,-1.2353507832384072,0.8964786247660724,0.06219405883392808,-0.23601020446248228,-0.09790798262556814,0.5833853926513113,0.55109995870476,-0.3992894854413955,0.16153458040267657,-0.8774869075436472,-0.9886028337131789,-0.4087903402940925,-0.7936129726368971,-0.9730338452440852,1.0,1.0,1.0,1.0,1.0,0.0,0.0,0.0,0.0,0.0,0.0,1.0,0.0,0.0,0.0,0.0,1.0,0.0,0.0,0.0,0.0,0.0,1.0,0.0,1.0,1.0
1.023046454461126,-1.6000086454402538,-1.3999704661326267,-0.6432494670875735,-1.2353507832384072,3.5893231630367843,-2.1711380538389498,-0.23601020446248228,1.7008665818906816,0.5833853926513113,2.1059891279074763,0.32089018008075637,-0.7142362329569328,-1.4808068874909766,-1.520979274499417,-0.4087903402940925,0.15645904964027652,-1.5607224826621489,0.0,1.0,1.0,1.0,1.0,0.0,1.0,0.0,0.0,0.0,1.0,0.0,0.0,0.0,0.0,0.0,1.0,0.0,0.0,0.0,0.0,0.0,1.0,0.0,1.0,1.0
0.23837975637929248,1.1438556741642336,1.3603706359757965,0.7922507560739607,-1.2353507832384072,-0.4499436443692835,0.06219405883392808,-2.2408280703265797,-1.896682547141818,0.5833853926513113,-0.2263446258965981,1.0410698456029082,-0.7142362329569328,0.027493062377346802,0.07615004785929728,0.0989838245366199,0.15645904964027652,0.05542127023752629,0.0,1.0,1.0,1.0,1.0,0.0,1.0,0.0,0.0,0.0,0.0,0.0,1.0,1.0,0.0,0.0,0.0,0.0,0.0,0.0,1.0,0.0,1.0,1.0,1.0,0.0
2.592379850624793,1.1438556741642336,-0.4798567654298188,0.7922507560739607,1.1507790914763643,2.2429008939014285,1.178860115170367,0.7663987284695665,-0.09790798262556814,-0.5406986566036541,-1.0037892104979562,-0.3992894854413955,-0.21379576818001317,1.2341330222720055,0.8747147090386544,-0.4087903402940925,-0.27785958911500286,1.0838763857191378,1.0,0.0,1.0,0.0,1.0,1.0,0.0,0.0,0.0,0.0,1.0,0.0,0.0,0.0,0.0,0.0,0.0,1.0,0.0,1.0,1.0,0.0,0.0,1.0,1.0,1.0
-0.5462869417025411,1.1438556741642336,1.3603706359757965,0.7922507560739607,1.1507790914763643,-0.4499436443692835,-2.1711380538389498,0.7663987284695665,-0.09790798262556814,-0.5406986566036541,-1.0037892104979562,1.0410698456029082,0.16153458040267657,1.2341330222720055,1.4070911498248926,0.6067579893673323,-0.5221638234148475,1.3777207044281696,0.0,1.0,0.0,0.0,0.0,0.0,1.0,0.0,0.0,0.0,0.0,0.0,1.0,0.0,0.0,1.0,1.0,0.0,0.0,1.0,0.0,1.0,1.0,1.0,1.0,1.0
-1.3309536397843746,0.2292342342960711,1.3603706359757965,-0.6432494670875735,-1.2353507832384072,-0.4499436443692835,1.178860115170367,1.7688076614016153,1.7008665818906816,1.7074694419062766,-0.2263446258965981,1.0410698456029082,-0.7142362329569328,0.6308130423246762,0.6085264886455354,0.0989838245366199,0.15645904964027652,0.64310990765559,0.0,1.0,1.0,0.0,1.0,0.0,0.0,1.0,0.0,0.0,0.0,1.0,0.0,1.0,0.0,0.0,0.0,0.0,1.0,0.0,0.0,0.0,1.0,1.0,1.0,0.0
1.023046454461126,1.1438556741642336,0.4402569352729889,-0.6432494670875735,-0.04228584588102149,-0.4499436443692835,0.06219405883392808,-0.23601020446248228,-0.997295264883693,-0.5406986566036541,-1.0037892104979562,-0.3992894854413955,-0.464016000568473,-0.8774869075436472,-0.7224146133200599,0.0989838245366199,-0.20547314932245633,-0.8261116858895693,0.0,1.0,1.0,0.0,1.0,0.0,0.0,0.0,1.0,0.0,1.0,0.0,0.0,0.0,0.0,0.0,1.0,0.0,0.0,1.0,1.0,0.0,0.0,1.0,1.0,0.0
-0.5462869417025411,1.1438556741642336,1.3603706359757965,-0.6432494670875735,1.1507790914763643,-0.4499436443692835,0.06219405883392808,0.7663987284695665,-0.09790798262556814,-0.5406986566036541,-1.0037892104979562,0.32089018008075637,-0.7142362329569328,1.5357930122456702,1.6732793702180115,0.6067579893673323,2.3280522434166735,1.6715650231372015,0.0,1.0,1.0,0.0,1.0,0.0,0.0,1.0,0.0,0.0,0.0,0.0,1.0,0.0,1.0,0.0,0.0,0.0,0.0,1.0,0.0,1.0,1.0,1.0,1.0,1.0
0.23837975637929248,1.1438556741642336,1.3603706359757965,-0.6432494670875735,-0.04228584588102149,-0.4499436443692835,1.178860115170367,-0.23601020446248228,1.7008665818906816,2.831553491161242,2.1059891279074763,-0.3992894854413955,0.912195277568056,0.3291530523510115,0.34233826825241637,0.0989838245366199,-0.7742237476924649,0.3492655889465581,0.0,1.0,1.0,1.0,1.0,0.0,0.0,1.0,0.0,0.0,1.0,0.0,0.0,1.0,0.0,0.0,1.0,0.0,0.0,1.0,1.0,0.0,1.0,1.0,1.0,1.0
1.023046454461126,1.1438556741642336,1.3603706359757965,0.7922507560739607,-1.2353507832384072,-0.4499436443692835,-1.0544719975025107,-1.238419137394531,0.8014792996325567,-0.5406986566036541,1.328544543306118,-0.3992894854413955,2.038186323316125,-0.5758269175699826,-0.45622639292694084,0.0989838245366199,-0.8821289995571306,-0.5322673671805375,0.0,1.0,1.0,0.0,1.0,0.0,0.0,0.0,1.0,0.0,0.0,1.0,0.0,1.0,0.0,0.0,1.0,0.0,0.0,0.0,1.0,1.0,1.0,1.0,1.0,0.0
0.23837975637929248,-0.6853872055720913,-0.4798567654298188,-0.6432494670875735,-1.2353507832384072,-0.4499436443692835,1.178860115170367,-0.23601020446248228,-0.997295264883693,-0.5406986566036541,-0.2263446258965981,-0.3992894854413955,1.5377458585392054,-1.179146897517312,-1.254791054106298,-0.4087903402940925,-0.8721903579380167,-1.266878163953117,0.0,0.0,0.0,0.0,1.0,0.0,1.0,0.0,0.0,0.0,1.0,0.0,0.0,0.0,0.0,1.0,1.0,0.0,0.0,1.0,0.0,0.0,1.0,1.0,1.0,0.0
1.8077131525429595,0.2292342342960711,0.4402569352729889,-0.6432494670875735,-0.04228584588102149,0.8964786247660724,0.06219405883392808,0.7663987284695665,0.8014792996325567,-0.5406986566036541,-1.0037892104979562,-0.3992894854413955,1.7879660909276653,1.2341330222720055,0.8747147090386544,-0.4087903402940925,-0.8259283475442839,1.0838763857191378,0.0,1.0,1.0,0.0,1.0,0.0,1.0,0.0,0.0,0.0,1.0,0.0,0.0,1.0,0.0,0.0,0.0,1.0,0.0,1.0,0.0,1.0,1.0,1.0,1.0,1.0
-1.3309536397843746,1.1438556741642336,0.4402569352729889,-0.6432494670875735,-0.04228584588102149,-0.4499436443692835,0.06219405883392808,0.7663987284695665,0.8014792996325567,0.5833853926513113,1.328544543306118,-1.1194691509635473,-0.7142362329569328,-0.2741669275963179,-0.19003817253382177,0.0989838245366199,1.242255646528475,-0.23842304847150556,0.0,0.0,1.0,1.0,1.0,0.0,0.0,1.0,0.0,0.0,0.0,1.0,0.0,0.0,0.0,1.0,0.0,0.0,1.0,0.0,0.0,1.0,1.0,1.0,1.0,1.0
-1.3309536397843746,0.2292342342960711,1.3603706359757965,3.663251202397029,-0.04228584588102149,-0.4499436443692835,1.178860115170367,-0.23601020446248228,-0.09790798262556814,-0.5406986566036541,-1.0037892104979562,1.0410698456029082,-0.7142362329569328,-0.5758269175699826,-2.8519203764650123,-4.470983658939792,1.242255646528475,-1.8545668013711807,0.0,1.0,0.0,0.0,1.0,0.0,0.0,0.0,0.0,0.0,0.0,0.0,1.0,0.0,0.0,0.0,1.0,0.0,0.0,1.0,0.0,0.0,1.0,1.0,0.0,1.0
-0.5462869417025411,-0.6853872055720913,0.4402569352729889,-0.6432494670875735,-0.04228584588102149,-0.4499436443692835,0.06219405883392808,0.7663987284695665,-0.09790798262556814,-0.5406986566036541,0.55109995870476,0.32089018008075637,0.03642446420844665,-0.8774869075436472,-0.19003817253382177,1.1145321541980449,-0.619109948137008,-0.5322673671805375,0.0,0.0,1.0,0.0,1.0,0.0,1.0,0.0,0.0,0.0,1.0,0.0,0.0,0.0,0.0,1.0,1.0,0.0,1.0,1.0,1.0,1.0,1.0,1.0,0.0,0.0
-0.5462869417025411,-1.6000086454402538,-0.4798567654298188,-0.6432494670875735,-0.04228584588102149,-0.4499436443692835,0.06219405883392808,0.7663987284695665,-0.09790798262556814,-0.5406986566036541,-1.0037892104979562,-1.8396488164856992,-0.21379576818001317,-0.8774869075436472,-0.19003817253382177,1.1145321541980449,-0.4950189084926425,-0.5322673671805375,0.0,0.0,1.0,1.0,1.0,0.0,1.0,0.0,0.0,0.0,0.0,1.0,0.0,0.0,0.0,1.0,0.0,0.0,1.0,0.0,0.0,1.0,1.0,1.0,1.0,0.0
1.023046454461126,1.1438556741642336,1.3603706359757965,-0.6432494670875735,-0.04228584588102149,0.8964786247660724,0.06219405883392808,-0.23601020446248228,-0.09790798262556814,0.5833853926513113,-0.2263446258965981,-1.1194691509635473,-0.7142362329569328,-0.2741669275963179,-0.19003817253382177,0.0989838245366199,1.242255646528475,-0.23842304847150556,0.0,1.0,1.0,0.0,1.0,0.0,0.0,0.0,1.0,0.0,0.0,1.0,0.0,1.0,0.0,0.0,0.0,0.0,0.0,1.0,0.0,1.0,1.0,1.0,1.0,0.0
0.23837975637929248,0.2292342342960711,-1.3999704661326267,-0.6432494670875735,-0.04228584588102149,-0.4499436443692835,1.178860115170367,0.7663987284695665,0.8014792996325567,1.7074694419062766,1.328544543306118,1.0410698456029082,-0.464016000568473,-0.5758269175699826,-0.45622639292694084,0.0989838245366199,-0.20547314932245633,-0.5322673671805375,0.0,1.0,1.0,0.0,1.0,0.0,0.0,1.0,0.0,0.0,1.0,0.0,0.0,0.0,1.0,0.0,1.0,0.0,0.0,0.0,1.0,1.0,1.0,1.0,1.0,1.0
0.23837975637929248,-1.6000086454402538,-0.4798567654298188,-0.6432494670875735,-0.04228584588102149,-0.4499436443692835,-1.0544719975025107,-2.2408280703265797,-0.09790798262556814,-0.5406986566036541,2.1059891279074763,-0.3992894854413955,-0.21379576818001317,-0.8774869075436472,-0.45622639292694084,0.6067579893673323,-0.4950189084926425,-0.6791895265350534,0.0,1.0,0.0,0.0,1.0,0.0,0.0,0.0,0.0,0.0,1.0,0.0,0.0,1.0,0.0,0.0,1.0,0.0,0.0,0.0,0.0,0.0,1.0,1.0,0.0,0.0
0.23837975637929248,-1.6000086454402538,-0.4798567654298188,0.7922507560739607,-0.04228584588102149,-0.4499436443692835,0.06219405883392808,0.7663987284695665,0.8014792996325567,2.831553491161242,2.1059891279074763,1.0410698456029082,0.7870851613738261,-1.179146897517312,-0.7224146133200599,0.6067579893673323,-0.7622919169574298,-0.9730338452440852,0.0,1.0,1.0,0.0,1.0,0.0,0.0,0.0,0.0,0.0,0.0,1.0,0.0,0.0,1.0,0.0,0.0,1.0,0.0,0.0,1.0,1.0,0.0,1.0,1.0,0.0
-0.5462869417025411,-0.6853872055720913,-0.4798567654298188,0.7922507560739607,-0.04228584588102149,0.8964786247660724,0.06219405883392808,-0.23601020446248228,-0.09790798262556814,0.5833853926513113,-0.2263446258965981,1.0410698456029082,1.0373053937622858,-0.2741669275963179,-0.19003817253382177,0.0989838245366199,-0.7845646676628288,-0.23842304847150556,0.0,0.0,1.0,1.0,1.0,0.0,1.0,0.0,0.0,0.0,0.0,0.0,0.0,0.0,0.0,0.0,0.0,0.0,1.0,0.0,0.0,1.0,1.0,1.0,1.0,0.0
-0.5462869417025411,0.2292342342960711,0.4402569352729889,-0.6432494670875735,-0.04228584588102149,-0.4499436443692835,0.06219405883392808,-0.23601020446248228,-0.997295264883693,-0.5406986566036541,-0.2263446258965981,1.0410698456029082,-0.21379576818001317,-1.4808068874909766,-0.19003817253382177,2.13008048385947,-0.4950189084926425,-0.8261116858895693,0.0,0.0,1.0,0.0,1.0,0.0,1.0,0.0,0.0,0.0,1.0,0.0,0.0,1.0,0.0,0.0,0.0,0.0,0.0,1.0,1.0,0.0,1.0,1.0,0.0,0.0
1.023046454461126,-1.6000086454402538,-1.3999704661326267,2.227750979235495,-1.2353507832384072,3.5893231630367843,1.178860115170367,-1.238419137394531,1.7008665818906816,-0.5406986566036541,2.1059891279074763,0.32089018008075637,0.03642446420844665,-0.5758269175699826,-0.7224146133200599,-0.4087903402940925,-0.7742237476924649,-0.6791895265350534,0.0,0.0,0.0,0.0,1.0,0.0,0.0,0.0,0.0,0.0,1.0,0.0,0.0,0.0,0.0,0.0,1.0,0.0,0.0,1.0,0.0,1.0,0.0,1.0,0.0,0.0
0.23837975637929248,-0.6853872055720913,1.3603706359757965,-0.6432494670875735,-0.04228584588102149,-0.4499436443692835,0.06219405883392808,-0.23601020446248228,-0.997295264883693,-0.5406986566036541,-1.0037892104979562,1.0410698456029082,-0.7142362329569328,0.9324730322983409,1.1409029294317736,0.6067579893673323,1.242255646528475,1.0838763857191378,0.0,0.0,1.0,1.0,1.0,0.0,0.0,1.0,0.0,0.0,0.0,1.0,0.0,0.0,0.0,0.0,0.0,0.0,0.0,0.0,0.0,1.0,1.0,1.0,1.0,1.0
-0.5462869417025411,-0.6853872055720913,0.4402569352729889,-0.6432494670875735,-0.04228584588102149,-0.4499436443692835,-2.1711380538389498,-0.23601020446248228,-1.896682547141818,-0.5406986566036541,-1.0037892104979562,-0.3992894854413955,-0.464016000568473,1.5357930122456702,1.4070911498248926,0.0989838245366199,-0.20547314932245633,1.5246428637826857,0.0,0.0,1.0,0.0,1.0,0.0,0.0,1.0,0.0,0.0,0.0,0.0,1.0,0.0,1.0,0.0,1.0,0.0,1.0,0.0,0.0,0.0,1.0,1.0,1.0,0.0
-1.3309536397843746,-0.6853872055720913,-0.4798567654298188,0.7922507560739607,-0.04228584588102149,-0.4499436443692835,0.06219405883392808,-2.2408280703265797,-0.09790798262556814,-0.5406986566036541,0.55109995870476,0.32089018008075637,-0.464016000568473,-0.8774869075436472,-0.45622639292694084,0.6067579893673323,-0.20547314932245633,-0.6791895265350534,0.0,0.0,0.0,1.0,1.0,1.0,0.0,0.0,0.0,0.0,0.0,1.0,0.0,0.0,0.0,1.0,1.0,0.0,1.0,1.0,1.0,0.0,1.0,1.0,1.0,0.0
1.023046454461126,0.2292342342960711,-0.4798567654298188,-0.6432494670875735,1.1507790914763643,-0.4499436443692835,1.178860115170367,0.7663987284695665,-0.09790798262556814,0.5833853926513113,0.55109995870476,-1.8396488164856992,0.16153458040267657,0.6308130423246762,0.6085264886455354,0.0989838245366199,-0.5221638234148475,0.64310990765559,0.0,0.0,1.0,0.0,1.0,0.0,1.0,0.0,0.0,0.0,0.0,1.0,0.0,0.0,1.0,0.0,1.0,0.0,0.0,0.0,0.0,0.0,1.0,1.0,1.0,1.0
0.23837975637929248,-1.6000086454402538,0.4402569352729889,-0.6432494670875735,-1.2353507832384072,-0.4499436443692835,1.178860115170367,-0.23601020446248228,-0.09790798262556814,-0.5406986566036541,1.328544543306118,-1.1194691509635473,-0.464016000568473,-0.2741669275963179,-0.19003817253382177,0.0989838245366199,-0.5674053482851891,-0.23842304847150556,0.0,1.0,1.0,0.0,1.0,0.0,0.0,0.0,0.0,0.0,0.0,1.0,0.0,0.0,0.0,0.0,0.0,0.0,0.0,0.0,0.0,0.0,1.0,0.0,1.0,0.0
0.23837975637929248,-0.6853872055720913,-0.4798567654298188,0.7922507560739607,-0.04228584588102149,-0.4499436443692835,0.06219405883392808,0.7663987284695665,0.8014792996325567,0.5833853926513113,0.55109995870476,1.0410698456029082,0.03642446420844665,0.3291530523510115,0.34233826825241637,0.0989838245366199,-0.619109948137008,0.3492655889465581,0.0,0.0,1.0,1.0,1.0,0.0,0.0,1.0,0.0,0.0,1.0,0.0,0.0,0.0,0.0,0.0,1.0,0.0,1.0,1.0,1.0,0.0,1.0,1.0,1.0,1.0
-1.3309536397843746,-0.6853872055720913,0.4402569352729889,0.7922507560739607,-1.2353507832384072,-0.4499436443692835,-1.0544719975025107,1.7688076614016153,-1.896682547141818,-0.5406986566036541,-1.0037892104979562,1.0410698456029082,-0.7142362329569328,-0.8774869075436472,-0.9886028337131789,-0.4087903402940925,0.15645904964027652,-0.9730338452440852,0.0,0.0,1.0,0.0,1.0,0.0,1.0,0.0,0.0,0.0,1.0,0.0,0.0,0.0,1.0,0.0,0.0,0.0,0.0,1.0,0.0,1.0,1.0,1.0,0.0,0.0
1.023046454461126,0.2292342342960711,0.4402569352729889,-0.6432494670875735,-0.04228584588102149,0.8964786247660724,-1.0544719975025107,-1.238419137394531,0.8014792996325567,0.5833853926513113,1.328544543306118,0.32089018008075637,0.912195277568056,-1.4808068874909766,-1.254791054106298,0.0989838245366199,-0.7742237476924649,-1.413800323307633,0.0,1.0,1.0,1.0,1.0,0.0,0.0,1.0,0.0,1.0,0.0,0.0,0.0,1.0,0.0,0.0,0.0,0.0,0.0,1.0,1.0,0.0,1.0,1.0,1.0,0.0
-0.5462869417025411,1.1438556741642336,1.3603706359757965,-0.6432494670875735,-1.2353507832384072,-0.4499436443692835,0.06219405883392808,1.7688076614016153,1.7008665818906816,3.955637540416207,2.1059891279074763,0.32089018008075637,1.0373053937622858,-1.179146897517312,-0.9886028337131789,0.0989838245366199,-0.8569511074553753,-1.1199560045986012,0.0,1.0,1.0,0.0,1.0,0.0,0.0,1.0,0.0,0.0,0.0,1.0,0.0,0.0,1.0,0.0,1.0,0.0,1.0,1.0,1.0,1.0,1.0,1.0,1.0,0.0
1.023046454461126,-1.6000086454402538,-1.3999704661326267,0.7922507560739607,-0.04228584588102149,-0.4499436443692835,0.06219405883392808,0.7663987284695665,-0.09790798262556814,-0.5406986566036541,-1.0037892104979562,-0.3992894854413955,-0.464016000568473,0.027493062377346802,0.07615004785929728,0.0989838245366199,-0.20547314932245633,0.05542127023752629,0.0,0.0,1.0,1.0,1.0,0.0,1.0,0.0,0.0,0.0,1.0,0.0,0.0,1.0,0.0,0.0,1.0,0.0,0.0,1.0,1.0,0.0,0.0,1.0,0.0,0.0
-1.3309536397843746,1.1438556741642336,1.3603706359757965,-0.6432494670875735,-1.2353507832384072,-0.4499436443692835,1.178860115170367,1.7688076614016153,-0.09790798262556814,-0.5406986566036541,-1.0037892104979562,0.32089018008075637,0.03642446420844665,2.1391129921929997,2.2056558110042497,0.6067579893673323,-0.7742237476924649,2.2592536605552653,0.0,1.0,1.0,1.0,0.0,0.0,0.0,0.0,1.0,0.0,0.0,0.0,1.0,0.0,0.0,0.0,1.0,0.0,0.0,0.0,0.0,1.0,1.0,1.0,1.0,0.0
-0.5462869417025411,0.2292342342960711,0.4402569352729889,-0.6432494670875735,1.1507790914763643,-0.4499436443692835,0.06219405883392808,-0.23601020446248228,-0.09790798262556814,-0.5406986566036541,0.55109995870476,0.32089018008075637,-0.7142362329569328,-1.179146897517312,-0.9886028337131789,0.0989838245366199,2.3280522434166735,-1.1199560045986012,0.0,0.0,1.0,0.0,1.0,0.0,1.0,0.0,0.0,0.0,1.0,0.0,0.0,1.0,0.0,0.0,1.0,0.0,0.0,1.0,1.0,0.0,1.0,1.0,1.0,1.0
0.23837975637929248,0.2292342342960711,0.4402569352729889,-0.6432494670875735,-1.2353507832384072,-0.4499436443692835,0.06219405883392808,0.7663987284695665,-0.09790798262556814,-0.5406986566036541,0.55109995870476,1.0410698456029082,-0.21379576818001317,0.9324730322983409,0.34233826825241637,-0.9165645051248049,-0.7121782278702822,0.64310990765559,0.0,1.0,1.0,0.0,1.0,1.0,0.0,0.0,0.0,0.0,1.0,0.0,0.0,1.0,0.0,0.0,1.0,0.0,0.0,1.0,1.0,0.0,1.0,1.0,1.0,0.0
-1.3309536397843746,1.1438556741642336,1.3603706359757965,-0.6432494670875735,-1.2353507832384072,-0.4499436443692835,1.178860115170367,0.7663987284695665,-0.997295264883693,-0.5406986566036541,-1.0037892104979562,1.0410698456029082,-0.7142362329569328,0.3291530523510115,1.1409029294317736,1.6223063190287572,0.15645904964027652,0.790032067010106,0.0,1.0,1.0,0.0,1.0,1.0,0.0,0.0,0.0,1.0,0.0,0.0,0.0,0.0,1.0,0.0,0.0,0.0,0.0,1.0,1.0,0.0,1.0,1.0,1.0,0.0
0.23837975637929248,1.1438556741642336,0.4402569352729889,-0.6432494670875735,-0.04228584588102149,2.2429008939014285,-1.0544719975025107,0.7663987284695665,1.7008665818906816,0.5833853926513113,1.328544543306118,-1.8396488164856992,2.038186323316125,-1.4808068874909766,-1.254791054106298,0.0989838245366199,-0.8349204518663393,-1.413800323307633,0.0,0.0,1.0,0.0,1.0,0.0,1.0,0.0,0.0,0.0,1.0,0.0,0.0,0.0,0.0,1.0,1.0,0.0,0.0,0.0,1.0,0.0,1.0,1.0,1.0,1.0
1.023046454461126,1.1438556741642336,1.3603706359757965,-0.6432494670875735,-0.04228584588102149,-0.4499436443692835,0.06219405883392808,0.7663987284695665,0.8014792996325567,1.7074694419062766,0.55109995870476,1.0410698456029082,-0.464016000568473,0.027493062377346802,0.07615004785929728,0.0989838245366199,-0.20547314932245633,0.05542127023752629,0.0,0.0,1.0,0.0,1.0,0.0,0.0,0.0,1.0,0.0,1.0,0.0,0.0,0.0,0.0,0.0,1.0,0.0,0.0,1.0,1.0,0.0,1.0,1.0,1.0,0.0
0.23837975637929248,-0.6853872055720913,-0.4798567654298188,-0.6432494670875735,1.1507790914763643,-0.4499436443692835,-1.0544719975025107,0.7663987284695665,-0.09790798262556814,-0.5406986566036541,-1.0037892104979562,-0.3992894854413955,0.28664469659690645,0.6308130423246762,0.07615004785929728,-0.9165645051248049,-0.5674053482851891,0.3492655889465581,1.0,0.0,1.0,0.0,1.0,0.0,1.0,0.0,0.0,0.0,0.0,0.0,0.0,1.0,0.0,0.0,1.0,0.0,0.0,0.0,0.0,1.0,1.0,1.0,0.0,1.0
-0.5462869417025411,0.2292342342960711,0.4402569352729889,2.227750979235495,-0.04228584588102149,-0.4499436443692835,1.178860115170367,-0.23601020446248228,-0.997295264883693,-0.5406986566036541,-1.0037892104979562,0.32089018008075637,-0.21379576818001317,-0.8774869075436472,-0.19003817253382177,1.1145321541980449,-0.4950189084926425,-0.5322673671805375,0.0,0.0,1.0,0.0,1.0,0.0,1.0,0.0,0.0,0.0,1.0,0.0,0.0,0.0,0.0,1.0,1.0,0.0,1.0,1.0,0.0,1.0,1.0,1.0,0.0,0.0
-1.3309536397843746,1.1438556741642336,1.3603706359757965,-0.6432494670875735,-1.2353507832384072,-0.4499436443692835,-1.0544719975025107,-0.23601020446248228,0.8014792996325567,0.5833853926513113,0.55109995870476,1.0410698456029082,-0.7142362329569328,-0.8774869075436472,-0.19003817253382177,1.1145321541980449,0.15645904964027652,-0.5322673671805375,0.0,0.0,1.0,0.0,1.0,0.0,0.0,1.0,0.0,0.0,0.0,1.0,0.0,0.0,0.0,0.0,1.0,0.0,1.0,1.0,1.0,0.0,1.0,1.0,1.0,0.0
-0.5462869417025411,0.2292342342960711,0.4402569352729889,2.227750979235495,-0.04228584588102149,-0.4499436443692835,1.178860115170367,-0.23601020446248228,-0.09790798262556814,-0.5406986566036541,0.55109995870476,-1.1194691509635473,0.03642446420844665,-1.179146897517312,-0.19003817253382177,1.6223063190287572,-0.619109948137008,-0.6791895265350534,0.0,1.0,1.0,0.0,1.0,0.0,0.0,0.0,0.0,0.0,1.0,0.0,0.0,0.0,0.0,1.0,0.0,1.0,1.0,1.0,0.0,0.0,0.0,1.0,1.0,0.0
1.023046454461126,-0.6853872055720913,-1.3999704661326267,0.7922507560739607,1.1507790914763643,-0.4499436443692835,0.06219405883392808,0.7663987284695665,0.8014792996325567,-0.5406986566036541,-1.0037892104979562,-0.3992894854413955,-0.7142362329569328,-1.179146897517312,-2.8519203764650123,-3.455435329278367,2.3280522434166735,-2.1484111200802127,0.0,0.0,1.0,0.0,1.0,0.0,1.0,0.0,0.0,0.0,1.0,0.0,0.0,0.0,0.0,0.0,0.0,1.0,0.0,1.0,1.0,0.0,0.0,1.0,1.0,1.0
1.023046454461126,1.1438556741642336,1.3603706359757965,-0.6432494670875735,-0.04228584588102149,-0.4499436443692835,-1.0544719975025107,-1.238419137394531,0.8014792996325567,-0.5406986566036541,1.328544543306118,-1.1194691509635473,-0.21379576818001317,1.2341330222720055,0.8747147090386544,-0.4087903402940925,-0.4950189084926425,1.0838763857191378,1.0,1.0,1.0,0.0,1.0,0.0,0.0,0.0,1.0,0.0,0.0,0.0,1.0,1.0,0.0,0.0,0.0,0.0,0.0,0.0,1.0,1.0,0.0,1.0,1.0,0.0
0.23837975637929248,0.2292342342960711,-1.3999704661326267,0.7922507560739607,2.34384402883375,-0.4499436443692835,-1.0544719975025107,-2.2408280703265797,-0.997295264883693,-0.5406986566036541,-1.0037892104979562,-0.3992894854413955,0.03642446420844665,2.1391129921929997,1.9394675906111307,0.0989838245366199,-0.30888234902609424,2.112331501200749,0.0,0.0,0.0,1.0,1.0,0.0,0.0,1.0,0.0,0.0,1.0,0.0,0.0,0.0,0.0,1.0,1.0,0.0,0.0,1.0,1.0,0.0,1.0,1.0,0.0,0.0
1.023046454461126,-0.6853872055720913,-0.4798567654298188,0.7922507560739607,2.34384402883375,-0.4499436443692835,0.06219405883392808,0.7663987284695665,0.8014792996325567,-0.5406986566036541,-1.0037892104979562,0.32089018008075637,-0.7142362329569328,-0.2741669275963179,-0.45622639292694084,-0.4087903402940925,3.4138488403048717,-0.3853452078260215,0.0,0.0,0.0,0.0,1.0,0.0,0.0,0.0,0.0,0.0,1.0,0.0,0.0,0.0,0.0,0.0,1.0,0.0,0.0,0.0,0.0,1.0,1.0,1.0,0.0,0.0
-0.5462869417025411,-0.6853872055720913,-0.4798567654298188,-0.6432494670875735,-0.04228584588102149,0.8964786247660724,-1.0544719975025107,-2.2408280703265797,-0.997295264883693,-0.5406986566036541,-1.0037892104979562,1.0410698456029082,0.03642446420844665,-0.2741669275963179,0.6085264886455354,1.6223063190287572,-0.619109948137008,0.2023434295920422,0.0,0.0,1.0,0.0,1.0,0.0,0.0,0.0,0.0,0.0,1.0,0.0,0.0,1.0,0.0,0.0,1.0,0.0,1.0,0.0,0.0,1.0,1.0,1.0,1.0,0.0
1.023046454461126,0.2292342342960711,-0.4798567654298188,0.7922507560739607,-1.2353507832384072,0.8964786247660724,-2.1711380538389498,1.7688076614016153,1.7008665818906816,3.955637540416207,2.1059891279074763,1.0410698456029082,0.5368649289853663,0.027493062377346802,0.6085264886455354,1.1145321541980449,-0.8306287657126311,0.3492655889465581,1.0,1.0,0.0,0.0,1.0,0.0,1.0,0.0,0.0,0.0,1.0,0.0,0.0,0.0,0.0,0.0,1.0,0.0,0.0,1.0,0.0,0.0,0.0,1.0,1.0,0.0
1.023046454461126,-1.6000086454402538,-1.3999704661326267,0.7922507560739607,2.34384402883375,-0.4499436443692835,1.178860115170367,-1.238419137394531,-0.997295264883693,-0.5406986566036541,-1.0037892104979562,-0.3992894854413955,-0.5891261167627029,0.3291530523510115,0.34233826825241637,0.0989838245366199,1.242255646528475,0.3492655889465581,0.0,0.0,0.0,1.0,1.0,0.0,0.0,0.0,0.0,0.0,1.0,0.0,0.0,0.0,0.0,1.0,1.0,0.0,0.0,1.0,1.0,1.0,1.0,1.0,0.0,0.0
0.23837975637929248,0.2292342342960711,-0.4798567654298188,-0.6432494670875735,-1.2353507832384072,3.5893231630367843,1.178860115170367,1.7688076614016153,1.7008665818906816,0.5833853926513113,1.328544543306118,1.0410698456029082,1.2875256261507457,-1.4808068874909766,-1.520979274499417,-0.4087903402940925,-0.8654671591956749,-1.5607224826621489,0.0,1.0,1.0,0.0,1.0,0.0,0.0,1.0,0.0,0.0,0.0,1.0,0.0,0.0,0.0,0.0,1.0,0.0,0.0,1.0,0.0,1.0,1.0,1.0,1.0,0.0
0.23837975637929248,0.2292342342960711,-0.4798567654298188,-0.6432494670875735,-0.04228584588102149,-0.4499436443692835,1.178860115170367,-0.23601020446248228,0.8014792996325567,-0.5406986566036541,0.55109995870476,-0.3992894854413955,0.5368649289853663,1.5357930122456702,1.1409029294317736,-0.4087903402940925,-0.7319199841773404,1.3777207044281696,0.0,0.0,1.0,0.0,1.0,0.0,1.0,0.0,0.0,0.0,1.0,0.0,0.0,0.0,0.0,0.0,1.0,0.0,0.0,0.0,0.0,1.0,0.0,1.0,1.0,0.0
0.23837975637929248,0.2292342342960711,-1.3999704661326267,-0.6432494670875735,-0.04228584588102149,-0.4499436443692835,0.06219405883392808,1.7688076614016153,0.8014792996325567,0.5833853926513113,0.55109995870476,-1.8396488164856992,1.4126357423449756,-0.2741669275963179,-0.19003817253382177,0.0989838245366199,-0.808693480927011,-0.23842304847150556,1.0,0.0,0.0,0.0,1.0,0.0,0.0,0.0,0.0,0.0,1.0,0.0,0.0,0.0,0.0,1.0,1.0,0.0,0.0,1.0,1.0,1.0,0.0,1.0,1.0,0.0
-0.5462869417025411,0.2292342342960711,-1.3999704661326267,-0.6432494670875735,-0.04228584588102149,3.5893231630367843,-2.1711380538389498,-0.23601020446248228,-0.09790798262556814,0.5833853926513113,-0.2263446258965981,0.32089018008075637,-0.08868565198578325,-1.179146897517312,-0.9886028337131789,0.0989838245366199,-0.5674053482851891,-1.1199560045986012,0.0,0.0,1.0,0.0,0.0,0.0,0.0,1.0,0.0,0.0,1.0,0.0,0.0,0.0,0.0,0.0,1.0,0.0,0.0,1.0,1.0,0.0,1.0,1.0,1.0,0.0
-1.3309536397843746,1.1438556741642336,-0.4798567654298188,-0.6432494670875735,-0.04228584588102149,-0.4499436443692835,0.06219405883392808,-0.23601020446248228,-0.09790798262556814,0.5833853926513113,-0.2263446258965981,1.0410698456029082,-0.464016000568473,1.2341330222720055,1.1409029294317736,0.0989838245366199,-0.20547314932245633,1.2307985450736536,0.0,1.0,1.0,0.0,1.0,0.0,0.0,0.0,1.0,0.0,1.0,0.0,0.0,1.0,0.0,0.0,1.0,0.0,0.0,1.0,1.0,0.0,1.0,1.0,0.0,0.0
-0.5462869417025411,0.2292342342960711,0.4402569352729889,-0.6432494670875735,-0.04228584588102149,-0.4499436443692835,0.06219405883392808,-0.23601020446248228,-0.09790798262556814,0.5833853926513113,1.328544543306118,1.0410698456029082,6.0417100415314815,0.027493062377346802,0.34233826825241637,0.6067579893673323,-0.8898540346338055,0.2023434295920422,0.0,0.0,1.0,0.0,1.0,0.0,1.0,0.0,0.0,0.0,0.0,1.0,0.0,1.0,0.0,0.0,1.0,0.0,1.0,1.0,1.0,1.0,1.0,1.0,1.0,0.0
-0.5462869417025411,1.1438556741642336,-0.4798567654298188,-0.6432494670875735,-0.04228584588102149,-0.4499436443692835,0.06219405883392808,-1.238419137394531,-0.09790798262556814,-0.5406986566036541,-1.0037892104979562,1.0410698456029082,-0.464016000568473,1.2341330222720055,1.4070911498248926,0.6067579893673323,-0.20547314932245633,1.3777207044281696,0.0,0.0,1.0,0.0,1.0,0.0,0.0,1.0,0.0,0.0,1.0,0.0,0.0,0.0,0.0,0.0,1.0,0.0,0.0,1.0,0.0,0.0,1.0,1.0,1.0,0.0
1.023046454461126,-0.6853872055720913,-0.4798567654298188,-0.6432494670875735,-0.04228584588102149,0.8964786247660724,0.06219405883392808,0.7663987284695665,0.8014792996325567,0.5833853926513113,1.328544543306118,1.0410698456029082,1.1624155099565159,-1.4808068874909766,-0.9886028337131789,0.6067579893673323,-0.7936129726368971,-1.266878163953117,0.0,1.0,1.0,0.0,1.0,0.0,0.0,1.0,0.0,0.0,1.0,0.0,0.0,1.0,0.0,0.0,1.0,0.0,0.0,1.0,1.0,1.0,1.0,1.0,1.0,0.0
1.023046454461126,1.1438556741642336,-0.4798567654298188,-0.6432494670875735,-0.04228584588102149,-0.4499436443692835,1.178860115170367,0.7663987284695665,1.7008665818906816,-0.5406986566036541,0.55109995870476,1.0410698456029082,0.5368649289853663,-0.2741669275963179,-0.45622639292694084,-0.4087903402940925,-0.7319199841773404,-0.3853452078260215,0.0,1.0,1.0,0.0,1.0,1.0,0.0,0.0,0.0,0.0,1.0,0.0,0.0,0.0,0.0,1.0,0.0,0.0,0.0,1.0,1.0,1.0,1.0,1.0,1.0,1.0
0.23837975637929248,-0.6853872055720913,-0.4798567654298188,-0.6432494670875735,-0.04228584588102149,-0.4499436443692835,0.06219405883392808,0.7663987284695665,-0.997295264883693,3.955637540416207,2.1059891279074763,0.32089018008075637,-0.21379576818001317,0.9324730322983409,0.6085264886455354,-0.4087903402940925,-0.4950189084926425,0.790032067010106,0.0,1.0,1.0,1.0,1.0,0.0,1.0,0.0,0.0,0.0,1.0,0.0,0.0,1.0,0.0,0.0,0.0,0.0,0.0,0.0,1.0,1.0,0.0,1.0,1.0,1.0
-1.3309536397843746,1.1438556741642336,0.4402569352729889,-0.6432494670875735,-0.04228584588102149,-0.4499436443692835,0.06219405883392808,-0.23601020446248228,-0.09790798262556814,0.5833853926513113,0.55109995870476,1.0410698456029082,0.03642446420844665,-0.5758269175699826,-0.45622639292694084,0.0989838245366199,-0.619109948137008,-0.5322673671805375,0.0,1.0,1.0,0.0,1.0,0.0,0.0,0.0,1.0,0.0,1.0,0.0,0.0,1.0,0.0,0.0,1.0,0.0,0.0,1.0,1.0,1.0,1.0,1.0,1.0,0.0
0.23837975637929248,-0.6853872055720913,-1.3999704661326267,0.7922507560739607,1.1507790914763643,-0.4499436443692835,-1.0544719975025107,-1.238419137394531,-0.09790798262556814,-0.5406986566036541,-0.2263446258965981,-0.3992894854413955,0.5368649289853663,0.3291530523510115,-0.19003817253382177,-0.9165645051248049,-0.6332112026420496,0.05542127023752629,0.0,0.0,1.0,0.0,0.0,0.0,1.0,0.0,0.0,0.0,1.0,0.0,0.0,0.0,0.0,0.0,1.0,0.0,0.0,0.0,0.0,1.0,1.0,1.0,1.0,1.0
0.23837975637929248,-0.6853872055720913,0.4402569352729889,-0.6432494670875735,-0.04228584588102149,-0.4499436443692835,1.178860115170367,-0.23601020446248228,-0.09790798262556814,-0.5406986566036541,0.55109995870476,-0.3992894854413955,-0.464016000568473,0.3291530523510115,0.07615004785929728,-0.4087903402940925,-0.20547314932245633,0.2023434295920422,0.0,1.0,1.0,1.0,1.0,0.0,0.0,1.0,0.0,0.0,0.0,1.0,0.0,0.0,0.0,1.0,0.0,0.0,0.0,1.0,1.0,0.0,0.0,1.0,1.0,0.0
-0.5462869417025411,0.2292342342960711,-1.3999704661326267,0.7922507560739607,2.34384402883375,-0.4499436443692835,0.06219405883392808,-0.23601020446248228,-0.997295264883693,-0.5406986566036541,-1.0037892104979562,1.0410698456029082,-0.7142362329569328,0.6308130423246762,1.1409029294317736,1.1145321541980449,3.4138488403048717,0.9369542263646219,0.0,1.0,1.0,0.0,1.0,0.0,1.0,0.0,0.0,0.0,1.0,0.0,0.0,0.0,0.0,1.0,0.0,0.0,0.0,1.0,1.0,0.0,1.0,1.0,1.0,0.0
-0.5462869417025411,-0.6853872055720913,-1.3999704661326267,-0.6432494670875735,-1.2353507832384072,0.8964786247660724,0.06219405883392808,0.7663987284695665,0.8014792996325567,1.7074694419062766,2.1059891279074763,1.0410698456029082,0.03642446420844665,0.3291530523510115,0.6085264886455354,0.6067579893673323,-0.7742237476924649,0.4961877483010741,0.0,1.0,1.0,1.0,1.0,0.0,0.0,0.0,0.0,0.0,1.0,0.0,0.0,0.0,0.0,0.0,1.0,0.0,0.0,0.0,0.0,1.0,1.0,1.0,0.0,1.0
1.023046454461126,-1.6000086454402538,-1.3999704661326267,0.7922507560739607,-0.04228584588102149,0.8964786247660724,-3.2878041101753888,-2.2408280703265797,-1.896682547141818,-0.5406986566036541,-1.0037892104979562,1.0410698456029082,-0.7142362329569328,-1.4808068874909766,-1.520979274499417,-0.4087903402940925,1.242255646528475,-1.5607224826621489,1.0,0.0,1.0,0.0,1.0,0.0,1.0,0.0,0.0,0.0,1.0,0.0,0.0,0.0,0.0,0.0,1.0,0.0,0.0,0.0,0.0,1.0,1.0,1.0,0.0,0.0
-1.3309536397843746,-0.6853872055720913,-1.3999704661326267,3.663251202397029,-1.2353507832384072,3.5893231630367843,0.06219405883392808,1.7688076614016153,1.7008665818906816,0.5833853926513113,2.1059891279074763,1.0410698456029082,-0.7142362329569328,-0.8774869075436472,-0.45622639292694084,0.6067579893673323,0.15645904964027652,-0.6791895265350534,0.0,1.0,1.0,1.0,0.0,0.0,0.0,1.0,0.0,0.0,1.0,0.0,0.0,0.0,0.0,0.0,1.0,0.0,0.0,0.0,0.0,0.0,1.0,1.0,1.0,0.0
1.023046454461126,-0.6853872055720913,0.4402569352729889,0.7922507560739607,-1.2353507832384072,-0.4499436443692835,1.178860115170367,-1.238419137394531,-0.09790798262556814,-0.5406986566036541,-0.2263446258965981,0.32089018008075637,-0.7142362329569328,0.027493062377346802,-0.19003817253382177,-0.4087903402940925,0.15645904964027652,-0.09150088911698963,1.0,0.0,1.0,0.0,1.0,0.0,0.0,0.0,0.0,0.0,0.0,1.0,0.0,0.0,0.0,0.0,0.0,0.0,0.0,1.0,1.0,0.0,1.0,1.0,1.0,1.0
0.23837975637929248,0.2292342342960711,-1.3999704661326267,-0.6432494670875735,1.1507790914763643,-0.4499436443692835,-1.0544719975025107,0.7663987284695665,-0.09790798262556814,0.5833853926513113,0.55109995870476,1.0410698456029082,-0.5891261167627029,0.3291530523510115,0.8747147090386544,1.1145321541980449,0.6993573480843757,0.64310990765559,0.0,0.0,1.0,0.0,1.0,0.0,0.0,1.0,0.0,0.0,0.0,1.0,0.0,0.0,0.0,0.0,0.0,0.0,0.0,1.0,0.0,0.0,0.0,1.0,1.0,0.0
-0.5462869417025411,1.1438556741642336,1.3603706359757965,-0.6432494670875735,-0.04228584588102149,-0.4499436443692835,1.178860115170367,0.7663987284695665,0.8014792996325567,-0.5406986566036541,-0.2263446258965981,1.0410698456029082,-0.464016000568473,1.2341330222720055,1.1409029294317736,0.0989838245366199,-0.20547314932245633,1.2307985450736536,0.0,1.0,1.0,0.0,1.0,0.0,0.0,0.0,1.0,0.0,0.0,0.0,1.0,0.0,0.0,0.0,0.0,0.0,0.0,1.0,0.0,1.0,1.0,1.0,1.0,0.0
-1.3309536397843746,1.1438556741642336,1.3603706359757965,-0.6432494670875735,-1.2353507832384072,-0.4499436443692835,1.178860115170367,-0.23601020446248228,-0.09790798262556814,-0.5406986566036541,-1.0037892104979562,1.0410698456029082,-0.21379576818001317,-0.2741669275963179,0.6085264886455354,1.6223063190287572,-0.7121782278702822,0.2023434295920422,0.0,1.0,1.0,0.0,1.0,0.0,0.0,1.0,0.0,0.0,1.0,0.0,0.0,0.0,0.0,0.0,1.0,0.0,0.0,1.0,0.0,1.0,0.0,1.0,1.0,0.0
-0.5462869417025411,0.2292342342960711,0.4402569352729889,0.7922507560739607,-0.04228584588102149,-0.4499436443692835,0.06219405883392808,0.7663987284695665,1.7008665818906816,-0.5406986566036541,-1.0037892104979562,0.32089018008075637,-0.21379576818001317,-0.2741669275963179,0.07615004785929728,0.6067579893673323,-0.4950189084926425,-0.09150088911698963,0.0,0.0,1.0,1.0,1.0,0.0,1.0,0.0,0.0,0.0,1.0,0.0,0.0,0.0,0.0,1.0,1.0,0.0,0.0,1.0,1.0,1.0,1.0,1.0,1.0,0.0
-1.3309536397843746,-0.6853872055720913,-1.3999704661326267,-0.6432494670875735,-0.04228584588102149,-0.4499436443692835,1.178860115170367,0.7663987284695665,-0.997295264883693,-0.5406986566036541,-1.0037892104979562,1.0410698456029082,0.28664469659690645,-0.5758269175699826,-0.45622639292694084,0.0989838245366199,-0.6880494146061,-0.5322673671805375,0.0,1.0,0.0,0.0,1.0,1.0,0.0,0.0,0.0,0.0,0.0,1.0,0.0,0.0,0.0,1.0,1.0,0.0,0.0,0.0,0.0,1.0,1.0,1.0,1.0,1.0
-0.5462869417025411,0.2292342342960711,-0.4798567654298188,0.7922507560739607,1.1507790914763643,-0.4499436443692835,1.178860115170367,-0.23601020446248228,-0.09790798262556814,-0.5406986566036541,0.55109995870476,-1.1194691509635473,0.5368649289853663,0.027493062377346802,-0.45622639292694084,-0.9165645051248049,-0.6332112026420496,-0.23842304847150556,0.0,1.0,1.0,0.0,1.0,0.0,0.0,0.0,0.0,0.0,1.0,0.0,0.0,0.0,0.0,1.0,1.0,0.0,0.0,0.0,0.0,1.0,1.0,1.0,1.0,1.0
1.023046454461126,-0.6853872055720913,-0.4798567654298188,-0.6432494670875735,-0.04228584588102149,0.8964786247660724,1.178860115170367,1.7688076614016153,0.8014792996325567,1.7074694419062766,2.1059891279074763,-1.1194691509635473,-0.7142362329569328,-1.179146897517312,-0.9886028337131789,0.0989838245366199,1.242255646528475,-1.1199560045986012,0.0,1.0,1.0,0.0,1.0,0.0,1.0,0.0,0.0,0.0,0.0,1.0,0.0,0.0,0.0,1.0,0.0,0.0,0.0,0.0,0.0,0.0,1.0,0.0,1.0,0.0
4.1617132467884606,0.2292342342960711,-1.3999704661326267,-0.6432494670875735,-1.2353507832384072,3.5893231630367843,1.178860115170367,0.7663987284695665,1.7008665818906816,3.955637540416207,2.1059891279074763,-1.8396488164856992,1.2875256261507457,-1.4808068874909766,-0.7224146133200599,1.1145321541980449,-0.8654671591956749,-1.1199560045986012,0.0,1.0,1.0,0.0,1.0,0.0,0.0,1.0,0.0,0.0,0.0,1.0,0.0,0.0,1.0,0.0,1.0,0.0,0.0,0.0,0.0,0.0,0.0,0.0,1.0,1.0
-0.5462869417025411,1.1438556741642336,1.3603706359757965,-0.6432494670875735,-1.2353507832384072,-0.4499436443692835,-1.0544719975025107,1.7688076614016153,1.7008665818906816,0.5833853926513113,2.1059891279074763,0.32089018008075637,0.28664469659690645,2.1391129921929997,1.9394675906111307,0.0989838245366199,-0.808693480927011,2.112331501200749,0.0,1.0,0.0,0.0,1.0,0.0,0.0,0.0,1.0,0.0,0.0,0.0,1.0,0.0,0.0,0.0,1.0,0.0,0.0,0.0,1.0,1.0,1.0,1.0,1.0,0.0
-1.3309536397843746,-1.6000086454402538,-0.4798567654298188,-0.6432494670875735,-0.04228584588102149,-0.4499436443692835,0.06219405883392808,-0.23601020446248228,-0.997295264883693,-0.5406986566036541,-1.0037892104979562,1.0410698456029082,-0.464016000568473,-0.2741669275963179,0.07615004785929728,0.6067579893673323,-0.20547314932245633,-0.09150088911698963,0.0,0.0,1.0,0.0,1.0,0.0,0.0,0.0,0.0,0.0,1.0,0.0,0.0,0.0,0.0,0.0,1.0,0.0,0.0,1.0,1.0,0.0,0.0,1.0,1.0,0.0
1.023046454461126,0.2292342342960711,-0.4798567654298188,0.7922507560739607,-0.04228584588102149,-0.4499436443692835,0.06219405883392808,-2.2408280703265797,-1.896682547141818,-0.5406986566036541,-1.0037892104979562,1.0410698456029082,8.669022481610309,-0.2741669275963179,-0.45622639292694084,-0.4087903402940925,-0.9007639525929693,-0.3853452078260215,0.0,0.0,0.0,0.0,0.0,0.0,1.0,0.0,0.0,0.0,0.0,1.0,0.0,1.0,0.0,0.0,1.0,0.0,0.0,0.0,0.0,0.0,0.0,0.0,1.0,1.0
-1.3309536397843746,-0.6853872055720913,-1.3999704661326267,2.227750979235495,1.1507790914763643,-0.4499436443692835,1.178860115170367,-1.238419137394531,-0.997295264883693,-0.5406986566036541,-1.0037892104979562,0.32089018008075637,-0.21379576818001317,-0.2741669275963179,0.34233826825241637,1.1145321541980449,-0.27785958911500286,0.05542127023752629,0.0,0.0,1.0,0.0,1.0,0.0,0.0,1.0,0.0,0.0,1.0,0.0,0.0,0.0,0.0,1.0,0.0,0.0,0.0,1.0,0.0,1.0,1.0,1.0,1.0,0.0
1.023046454461126,0.2292342342960711,0.4402569352729889,0.7922507560739607,-0.04228584588102149,-0.4499436443692835,0.06219405883392808,-0.23601020446248228,-0.997295264883693,-0.5406986566036541,0.55109995870476,-0.3992894854413955,-0.7142362329569328,0.027493062377346802,0.07615004785929728,0.0989838245366199,1.242255646528475,0.05542127023752629,1.0,0.0,1.0,0.0,1.0,0.0,0.0,1.0,0.0,0.0,0.0,1.0,0.0,0.0,1.0,0.0,1.0,0.0,0.0,1.0,0.0,0.0,1.0,1.0,1.0,1.0
0.23837975637929248,1.1438556741642336,1.3603706359757965,-0.6432494670875735,-0.04228584588102149,-0.4499436443692835,0.06219405883392808,0.7663987284695665,0.8014792996325567,-0.5406986566036541,0.55109995870476,1.0410698456029082,-0.7142362329569328,0.6308130423246762,0.07615004785929728,-0.9165645051248049,1.242255646528475,0.3492655889465581,0.0,1.0,1.0,1.0,1.0,0.0,0.0,0.0,1.0,0.0,1.0,0.0,0.0,0.0,0.0,1.0,1.0,0.0,0.0,1.0,1.0,1.0,1.0,1.0,1.0,0.0
1.8077131525429595,-0.6853872055720913,-1.3999704661326267,2.227750979235495,-0.04228584588102149,-0.4499436443692835,-1.0544719975025107,0.7663987284695665,-1.896682547141818,-0.5406986566036541,-1.0037892104979562,-1.1194691509635473,1.7879660909276653,0.9324730322983409,0.34233826825241637,-0.9165645051248049,-0.8259283475442839,0.64310990765559,0.0,0.0,1.0,0.0,1.0,0.0,0.0,0.0,0.0,0.0,1.0,0.0,0.0,0.0,1.0,0.0,0.0,1.0,0.0,1.0,0.0,0.0,1.0,0.0,1.0,1.0
-1.3309536397843746,-1.6000086454402538,-1.3999704661326267,-0.6432494670875735,-0.04228584588102149,2.2429008939014285,-1.0544719975025107,-0.23601020446248228,0.8014792996325567,0.5833853926513113,1.328544543306118,1.0410698456029082,-0.464016000568473,-0.8774869075436472,-1.254791054106298,-0.9165645051248049,-0.20547314932245633,-1.1199560045986012,0.0,0.0,0.0,0.0,1.0,0.0,1.0,0.0,0.0,0.0,1.0,0.0,0.0,0.0,0.0,1.0,1.0,0.0,1.0,1.0,0.0,0.0,0.0,1.0,1.0,1.0
1.023046454461126,1.1438556741642336,1.3603706359757965,0.7922507560739607,1.1507790914763643,-0.4499436443692835,0.06219405883392808,-1.238419137394531,-0.997295264883693,0.5833853926513113,-0.2263446258965981,1.0410698456029082,-0.7142362329569328,0.6308130423246762,0.6085264886455354,0.0989838245366199,2.3280522434166735,0.64310990765559,1.0,1.0,1.0,1.0,1.0,0.0,0.0,0.0,1.0,0.0,0.0,1.0,0.0,0.0,1.0,0.0,1.0,0.0,0.0,0.0,1.0,0.0,1.0,1.0,1.0,1.0
-1.3309536397843746,1.1438556741642336,1.3603706359757965,-0.6432494670875735,1.1507790914763643,-0.4499436443692835,0.06219405883392808,-0.23601020446248228,-0.09790798262556814,-0.5406986566036541,-1.0037892104979562,1.0410698456029082,-0.7142362329569328,0.027493062377346802,-2.8519203764650123,-5.486531988601217,2.3280522434166735,-1.5607224826621489,0.0,0.0,1.0,0.0,1.0,0.0,0.0,1.0,0.0,0.0,0.0,0.0,0.0,0.0,0.0,0.0,1.0,0.0,0.0,1.0,0.0,1.0,1.0,1.0,1.0,1.0
1.023046454461126,1.1438556741642336,1.3603706359757965,0.7922507560739607,-0.04228584588102149,-0.4499436443692835,0.06219405883392808,-0.23601020446248228,0.8014792996325567,-0.5406986566036541,-1.0037892104979562,-0.3992894854413955,0.03642446420844665,-1.7824668774646413,-1.254791054106298,0.6067579893673323,-0.619109948137008,-1.5607224826621489,0.0,0.0,1.0,0.0,0.0,0.0,0.0,0.0,0.0,0.0,0.0,0.0,1.0,0.0,0.0,0.0,1.0,0.0,1.0,0.0,0.0,0.0,1.0,1.0,0.0,0.0
-0.5462869417025411,0.2292342342960711,0.4402569352729889,-0.6432494670875735,1.1507790914763643,0.8964786247660724,0.06219405883392808,-2.2408280703265797,-0.997295264883693,-0.5406986566036541,-1.0037892104979562,-1.1194691509635473,-0.7142362329569328,-1.179146897517312,-0.19003817253382177,1.6223063190287572,2.3280522434166735,-0.6791895265350534,0.0,0.0,0.0,0.0,1.0,0.0,0.0,1.0,0.0,0.0,1.0,0.0,0.0,0.0,0.0,1.0,0.0,0.0,1.0,1.0,0.0,1.0,1.0,1.0,1.0,0.0
0.23837975637929248,-1.6000086454402538,-1.3999704661326267,-0.6432494670875735,-0.04228584588102149,-0.4499436443692835,0.06219405883392808,0.7663987284695665,0.8014792996325567,-0.5406986566036541,0.55109995870476,-1.8396488164856992,-0.21379576818001317,-0.5758269175699826,-0.45622639292694084,0.0989838245366199,-0.4950189084926425,-0.5322673671805375,0.0,0.0,1.0,0.0,1.0,0.0,1.0,0.0,0.0,0.0,1.0,0.0,0.0,0.0,0.0,0.0,1.0,0.0,0.0,1.0,1.0,0.0,0.0,1.0,0.0,0.0
-1.3309536397843746,-0.6853872055720913,-0.4798567654298188,-0.6432494670875735,-1.2353507832384072,-0.4499436443692835,0.06219405883392808,-0.23601020446248228,-1.896682547141818,-0.5406986566036541,-1.0037892104979562,-1.1194691509635473,0.28664469659690645,0.9324730322983409,0.6085264886455354,-0.4087903402940925,-0.808693480927011,0.790032067010106,0.0,0.0,0.0,0.0,1.0,0.0,0.0,0.0,0.0,0.0,1.0,0.0,0.0,0.0,0.0,1.0,1.0,0.0,1.0,1.0,1.0,1.0,1.0,1.0,0.0,0.0
0.23837975637929248,0.2292342342960711,1.3603706359757965,-0.6432494670875735,1.1507790914763643,0.8964786247660724,0.06219405883392808,0.7663987284695665,-0.09790798262556814,1.7074694419062766,1.328544543306118,1.0410698456029082,2.7888470204815046,-0.2741669275963179,-0.45622639292694084,-0.4087903402940925,-0.8170137613629358,-0.3853452078260215,0.0,0.0,1.0,0.0,1.0,0.0,0.0,0.0,0.0,0.0,0.0,1.0,0.0,1.0,0.0,0.0,1.0,0.0,0.0,1.0,1.0,0.0,1.0,1.0,1.0,1.0
1.023046454461126,1.1438556741642336,1.3603706359757965,-0.6432494670875735,-1.2353507832384072,-0.4499436443692835,-3.2878041101753888,0.7663987284695665,-0.997295264883693,0.5833853926513113,-0.2263446258965981,-1.8396488164856992,-0.08868565198578325,1.5357930122456702,1.1409029294317736,-0.4087903402940925,-0.7483714477665555,1.3777207044281696,0.0,1.0,1.0,1.0,1.0,0.0,0.0,0.0,1.0,0.0,0.0,0.0,1.0,1.0,0.0,0.0,1.0,0.0,0.0,1.0,1.0,0.0,1.0,1.0,1.0,1.0
-0.5462869417025411,-2.5146300853084163,-0.4798567654298188,-0.6432494670875735,-1.2353507832384072,-0.4499436443692835,0.06219405883392808,-0.23601020446248228,-0.997295264883693,0.5833853926513113,1.328544543306118,1.0410698456029082,-0.7142362329569328,0.6308130423246762,1.1409029294317736,1.1145321541980449,0.15645904964027652,0.9369542263646219,0.0,1.0,1.0,0.0,1.0,0.0,1.0,0.0,0.0,0.0,1.0,0.0,0.0,0.0,1.0,0.0,1.0,0.0,0.0,0.0,1.0,0.0,0.0,1.0,1.0,0.0
0.23837975637929248,0.2292342342960711,0.4402569352729889,-0.6432494670875735,1.1507790914763643,-0.4499436443692835,-1.0544719975025107,-1.238419137394531,-0.09790798262556814,-0.5406986566036541,-1.0037892104979562,0.32089018008075637,-0.21379576818001317,-0.2741669275963179,-0.45622639292694084,-0.4087903402940925,-0.27785958911500286,-0.3853452078260215,0.0,0.0,1.0,0.0,1.0,0.0,1.0,0.0,0.0,0.0,1.0,0.0,0.0,1.0,0.0,0.0,1.0,0.0,0.0,0.0,0.0,1.0,0.0,1.0,0.0,0.0
-1.3309536397843746,-1.6000086454402538,-0.4798567654298188,-0.6432494670875735,-0.04228584588102149,-0.4499436443692835,-1.0544719975025107,-1.238419137394531,-0.09790798262556814,-0.5406986566036541,-0.2263446258965981,-1.8396488164856992,-0.464016000568473,1.5357930122456702,1.1409029294317736,-0.4087903402940925,-0.20547314932245633,1.3777207044281696,0.0,0.0,1.0,0.0,1.0,0.0,0.0,0.0,0.0,0.0,0.0,1.0,0.0,0.0,0.0,0.0,1.0,0.0,0.0,0.0,0.0,0.0,0.0,1.0,1.0,0.0
0.23837975637929248,-0.6853872055720913,-1.3999704661326267,2.227750979235495,-0.04228584588102149,-0.4499436443692835,-2.1711380538389498,-2.2408280703265797,-1.896682547141818,-0.5406986566036541,-1.0037892104979562,-0.3992894854413955,-0.464016000568473,0.6308130423246762,0.07615004785929728,-0.9165645051248049,-0.20547314932245633,0.3492655889465581,0.0,0.0,0.0,0.0,1.0,0.0,0.0,0.0,0.0,0.0,0.0,1.0,0.0,0.0,0.0,0.0,1.0,0.0,0.0,0.0,0.0,1.0,1.0,1.0,0.0,0.0
1.023046454461126,1.1438556741642336,0.4402569352729889,-0.6432494670875735,-0.04228584588102149,-0.4499436443692835,-1.0544719975025107,-2.2408280703265797,-0.997295264883693,-0.5406986566036541,0.55109995870476,-1.1194691509635473,1.9130762071218952,1.837453002219335,1.9394675906111307,0.6067579893673323,-0.8306287657126311,1.9654093418462333,0.0,0.0,1.0,0.0,1.0,0.0,0.0,1.0,0.0,0.0,1.0,0.0,0.0,1.0,0.0,0.0,0.0,0.0,0.0,1.0,1.0,0.0,1.0,1.0,1.0,1.0
-1.3309536397843746,0.2292342342960711,0.4402569352729889,-0.6432494670875735,-1.2353507832384072,-0.4499436443692835,1.178860115170367,-0.23601020446248228,0.8014792996325567,2.831553491161242,1.328544543306118,-1.8396488164856992,0.03642446420844665,-0.2741669275963179,0.6085264886455354,1.6223063190287572,-0.7742237476924649,0.2023434295920422,0.0,0.0,1.0,1.0,0.0,0.0,1.0,0.0,0.0,0.0,1.0,0.0,0.0,0.0,1.0,0.0,1.0,0.0,0.0,0.0,1.0,0.0,1.0,1.0,1.0,0.0
-0.5462869417025411,1.1438556741642336,-0.4798567654298188,-0.6432494670875735,-1.2353507832384072,-0.4499436443692835,0.06219405883392808,-0.23601020446248228,-0.09790798262556814,1.7074694419062766,1.328544543306118,-0.3992894854413955,0.5368649289853663,-0.2741669275963179,-0.7224146133200599,-0.9165645051248049,-0.8306287657126311,-0.5322673671805375,0.0,1.0,0.0,0.0,1.0,0.0,0.0,0.0,1.0,0.0,0.0,1.0,0.0,0.0,1.0,0.0,1.0,0.0,0.0,1.0,0.0,1.0,1.0,1.0,1.0,1.0
0.23837975637929248,1.1438556741642336,0.4402569352729889,-0.6432494670875735,-0.04228584588102149,-0.4499436443692835,1.178860115170367,-1.238419137394531,-0.09790798262556814,-0.5406986566036541,-1.0037892104979562,-1.1194691509635473,-0.21379576818001317,-0.2741669275963179,-0.19003817253382177,0.0989838245366199,-0.4950189084926425,-0.23842304847150556,0.0,1.0,1.0,0.0,1.0,0.0,1.0,0.0,0.0,0.0,1.0,0.0,0.0,0.0,0.0,0.0,1.0,0.0,0.0,1.0,0.0,1.0,1.0,1.0,1.0,1.0
0.23837975637929248,-0.6853872055720913,-0.4798567654298188,3.663251202397029,-1.2353507832384072,-0.4499436443692835,0.06219405883392808,0.7663987284695665,1.7008665818906816,3.955637540416207,2.1059891279074763,0.32089018008075637,0.28664469659690645,0.027493062377346802,-0.19003817253382177,-0.4087903402940925,-0.808693480927011,-0.09150088911698963,0.0,1.0,0.0,0.0,1.0,0.0,0.0,1.0,0.0,0.0,1.0,0.0,0.0,0.0,0.0,0.0,1.0,0.0,0.0,1.0,0.0,0.0,1.0,1.0,1.0,0.0
1.023046454461126,0.2292342342960711,1.3603706359757965,-0.6432494670875735,-0.04228584588102149,-0.4499436443692835,0.06219405883392808,-0.23601020446248228,-0.09790798262556814,-0.5406986566036541,0.55109995870476,1.0410698456029082,0.6619750451795962,1.5357930122456702,1.1409029294317736,-0.4087903402940925,-0.7483714477665555,1.3777207044281696,0.0,1.0,1.0,1.0,1.0,0.0,0.0,1.0,0.0,0.0,1.0,0.0,0.0,1.0,0.0,0.0,1.0,0.0,0.0,0.0,0.0,1.0,1.0,1.0,1.0,1.0
1.023046454461126,1.1438556741642336,1.3603706359757965,0.7922507560739607,1.1507790914763643,-0.4499436443692835,1.178860115170367,0.7663987284695665,0.8014792996325567,-0.5406986566036541,-1.0037892104979562,-1.8396488164856992,-0.7142362329569328,2.4407729821666644,1.9394675906111307,-0.4087903402940925,2.3280522434166735,2.2592536605552653,1.0,0.0,0.0,1.0,1.0,0.0,1.0,0.0,0.0,0.0,1.0,0.0,0.0,0.0,0.0,1.0,1.0,0.0,0.0,0.0,0.0,0.0,1.0,1.0,1.0,0.0
-1.3309536397843746,0.2292342342960711,-0.4798567654298188,-0.6432494670875735,-0.04228584588102149,-0.4499436443692835,0.06219405883392808,0.7663987284695665,0.8014792996325567,-0.5406986566036541,-1.0037892104979562,1.0410698456029082,0.5368649289853663,-1.179146897517312,-1.254791054106298,-0.4087903402940925,-0.7319199841773404,-1.266878163953117,0.0,0.0,1.0,1.0,1.0,0.0,0.0,1.0,0.0,0.0,1.0,0.0,0.0,0.0,0.0,1.0,1.0,0.0,0.0,1.0,1.0,0.0,1.0,1.0,1.0,0.0
-1.3309536397843746,0.2292342342960711,1.3603706359757965,-0.6432494670875735,-0.04228584588102149,-0.4499436443692835,1.178860115170367,0.7663987284695665,0.8014792996325567,-0.5406986566036541,-1.0037892104979562,-1.8396488164856992,-0.7142362329569328,1.5357930122456702,1.9394675906111307,1.1145321541980449,1.242255646528475,1.8184871824917175,0.0,1.0,1.0,0.0,0.0,0.0,0.0,1.0,0.0,0.0,1.0,0.0,0.0,0.0,0.0,0.0,1.0,0.0,0.0,1.0,1.0,1.0,1.0,1.0,1.0,0.0
-1.3309536397843746,1.1438556741642336,1.3603706359757965,3.663251202397029,2.34384402883375,-0.4499436443692835,-3.2878041101753888,-0.23601020446248228,1.7008665818906816,1.7074694419062766,2.1059891279074763,-1.8396488164856992,0.03642446420844665,-0.2741669275963179,0.6085264886455354,1.6223063190287572,-0.30888234902609424,0.2023434295920422,0.0,1.0,0.0,0.0,1.0,0.0,1.0,0.0,0.0,0.0,1.0,0.0,0.0,1.0,0.0,0.0,0.0,0.0,0.0,1.0,1.0,1.0,1.0,1.0,1.0,1.0
-1.3309536397843746,-0.6853872055720913,-0.4798567654298188,0.7922507560739607,-0.04228584588102149,-0.4499436443692835,1.178860115170367,-0.23601020446248228,-0.09790798262556814,-0.5406986566036541,0.55109995870476,0.32089018008075637,-0.21379576818001317,1.2341330222720055,1.1409029294317736,0.0989838245366199,-0.4950189084926425,1.2307985450736536,0.0,1.0,1.0,1.0,1.0,0.0,0.0,1.0,0.0,0.0,0.0,1.0,0.0,1.0,0.0,0.0,1.0,0.0,0.0,0.0,1.0,1.0,1.0,1.0,1.0,0.0
-0.5462869417025411,0.2292342342960711,1.3603706359757965,-0.6432494670875735,-0.04228584588102149,-0.4499436443692835,-2.1711380538389498,0.7663987284695665,-0.09790798262556814,-0.5406986566036541,-0.2263446258965981,-0.3992894854413955,0.7870851613738261,-1.7824668774646413,-1.520979274499417,0.0989838245366199,-0.7622919169574298,-1.7076446420166649,0.0,0.0,1.0,0.0,1.0,0.0,0.0,0.0,0.0,0.0,1.0,0.0,0.0,0.0,0.0,0.0,1.0,0.0,0.0,1.0,0.0,0.0,1.0,1.0,1.0,0.0
-0.5462869417025411,-1.6000086454402538,-0.4798567654298188,-0.6432494670875735,-1.2353507832384072,-0.4499436443692835,-1.0544719975025107,-0.23601020446248228,-0.09790798262556814,-0.5406986566036541,-0.2263446258965981,-0.3992894854413955,-0.464016000568473,0.027493062377346802,0.34233826825241637,0.6067579893673323,-0.5674053482851891,0.2023434295920422,0.0,1.0,1.0,0.0,1.0,0.0,0.0,1.0,0.0,0.0,0.0,1.0,0.0,0.0,1.0,0.0,1.0,0.0,0.0,1.0,1.0,1.0,1.0,1.0,1.0,1.0
0.23837975637929248,0.2292342342960711,0.4402569352729889,-0.6432494670875735,-0.04228584588102149,-0.4499436443692835,0.06219405883392808,-0.23601020446248228,0.8014792996325567,0.5833853926513113,0.55109995870476,0.32089018008075637,0.7870851613738261,0.3291530523510115,0.34233826825241637,0.0989838245366199,-0.7622919169574298,0.3492655889465581,0.0,1.0,1.0,0.0,1.0,0.0,0.0,1.0,0.0,0.0,0.0,1.0,0.0,0.0,1.0,0.0,1.0,0.0,0.0,1.0,0.0,1.0,1.0,1.0,1.0,1.0
-1.3309536397843746,1.1438556741642336,0.4402569352729889,-0.6432494670875735,-0.04228584588102149,-0.4499436443692835,0.06219405883392808,1.7688076614016153,-0.997295264883693,-0.5406986566036541,-1.0037892104979562,1.0410698456029082,-0.7142362329569328,1.837453002219335,1.4070911498248926,-0.4087903402940925,1.242255646528475,1.6715650231372015,0.0,1.0,0.0,0.0,1.0,0.0,0.0,0.0,1.0,0.0,0.0,0.0,0.0,0.0,0.0,0.0,1.0,0.0,0.0,1.0,0.0,1.0,1.0,1.0,1.0,1.0
-0.5462869417025411,1.1438556741642336,1.3603706359757965,-0.6432494670875735,-1.2353507832384072,-0.4499436443692835,1.178860115170367,-0.23601020446248228,-0.997295264883693,-0.5406986566036541,-0.2263446258965981,1.0410698456029082,-0.7142362329569328,0.6308130423246762,0.34233826825241637,-0.4087903402940925,0.15645904964027652,0.4961877483010741,0.0,1.0,1.0,0.0,1.0,0.0,0.0,1.0,0.0,0.0,0.0,1.0,0.0,0.0,0.0,0.0,1.0,0.0,0.0,0.0,0.0,1.0,1.0,1.0,1.0,0.0
1.023046454461126,0.2292342342960711,0.4402569352729889,-0.6432494670875735,-0.04228584588102149,-0.4499436443692835,0.06219405883392808,-2.2408280703265797,-0.09790798262556814,-0.5406986566036541,-0.2263446258965981,-1.8396488164856992,-0.7142362329569328,1.2341330222720055,1.1409029294317736,0.0989838245366199,1.242255646528475,1.2307985450736536,1.0,0.0,1.0,0.0,1.0,0.0,1.0,0.0,0.0,0.0,1.0,0.0,0.0,1.0,0.0,0.0,1.0,0.0,0.0,0.0,1.0,0.0,1.0,1.0,1.0,1.0
-0.5462869417025411,1.1438556741642336,0.4402569352729889,-0.6432494670875735,-0.04228584588102149,-0.4499436443692835,1.178860115170367,0.7663987284695665,-0.997295264883693,-0.5406986566036541,-0.2263446258965981,1.0410698456029082,0.5368649289853663,1.2341330222720055,1.1409029294317736,0.0989838245366199,-0.7319199841773404,1.2307985450736536,0.0,1.0,1.0,1.0,1.0,0.0,0.0,1.0,0.0,0.0,1.0,0.0,0.0,0.0,0.0,1.0,1.0,0.0,0.0,1.0,1.0,1.0,1.0,1.0,1.0,0.0
1.023046454461126,0.2292342342960711,-0.4798567654298188,0.7922507560739607,1.1507790914763643,-0.4499436443692835,1.178860115170367,0.7663987284695665,-0.997295264883693,-0.5406986566036541,-1.0037892104979562,0.32089018008075637,0.28664469659690645,0.9324730322983409,0.6085264886455354,-0.4087903402940925,-0.5674053482851891,0.790032067010106,0.0,1.0,0.0,1.0,1.0,0.0,0.0,1.0,0.0,0.0,1.0,0.0,0.0,0.0,0.0,1.0,1.0,0.0,0.0,1.0,1.0,1.0,1.0,1.0,1.0,0.0
1.023046454461126,-1.6000086454402538,1.3603706359757965,2.227750979235495,-0.04228584588102149,-0.4499436443692835,0.06219405883392808,-0.23601020446248228,0.8014792996325567,-0.5406986566036541,1.328544543306118,1.0410698456029082,-0.7142362329569328,0.6308130423246762,0.6085264886455354,0.0989838245366199,1.242255646528475,0.64310990765559,1.0,0.0,0.0,1.0,0.0,0.0,0.0,0.0,0.0,0.0,1.0,0.0,0.0,0.0,0.0,0.0,1.0,0.0,0.0,0.0,0.0,0.0,1.0,1.0,0.0,1.0
0.23837975637929248,-0.6853872055720913,-1.3999704661326267,-0.6432494670875735,-1.2353507832384072,3.5893231630367843,1.178860115170367,0.7663987284695665,1.7008665818906816,-0.5406986566036541,-0.2263446258965981,1.0410698456029082,-0.7142362329569328,-1.7824668774646413,-2.8519203764650123,-2.439886999616942,0.15645904964027652,-2.4422554387892443,0.0,1.0,1.0,0.0,1.0,0.0,1.0,0.0,0.0,0.0,1.0,0.0,0.0,1.0,0.0,0.0,1.0,0.0,0.0,1.0,0.0,0.0,1.0,1.0,1.0,0.0
1.023046454461126,-0.6853872055720913,-0.4798567654298188,-0.6432494670875735,2.34384402883375,-0.4499436443692835,0.06219405883392808,1.7688076614016153,1.7008665818906816,0.5833853926513113,1.328544543306118,1.0410698456029082,-0.464016000568473,-0.5758269175699826,-0.7224146133200599,-0.4087903402940925,0.5183912486030092,-0.6791895265350534,0.0,1.0,1.0,1.0,1.0,0.0,1.0,0.0,0.0,0.0,1.0,0.0,0.0,0.0,0.0,0.0,1.0,0.0,0.0,1.0,0.0,1.0,1.0,1.0,1.0,0.0
-0.5462869417025411,1.1438556741642336,0.4402569352729889,-0.6432494670875735,-1.2353507832384072,-0.4499436443692835,1.178860115170367,0.7663987284695665,1.7008665818906816,-0.5406986566036541,-1.0037892104979562,-0.3992894854413955,-0.7142362329569328,-1.4808068874909766,-2.8519203764650123,-2.9476611644476547,0.15645904964027652,-2.2953332794347285,0.0,1.0,1.0,1.0,1.0,0.0,0.0,0.0,1.0,0.0,1.0,0.0,0.0,0.0,0.0,0.0,1.0,0.0,0.0,0.0,0.0,1.0,0.0,1.0,1.0,0.0
1.023046454461126,1.1438556741642336,0.4402569352729889,-0.6432494670875735,1.1507790914763643,-0.4499436443692835,1.178860115170367,0.7663987284695665,1.7008665818906816,0.5833853926513113,0.55109995870476,1.0410698456029082,-0.7142362329569328,-0.2741669275963179,-0.19003817253382177,0.0989838245366199,2.3280522434166735,-0.23842304847150556,0.0,1.0,1.0,0.0,1.0,0.0,0.0,0.0,1.0,0.0,1.0,0.0,0.0,0.0,0.0,0.0,1.0,0.0,0.0,1.0,1.0,0.0,1.0,1.0,1.0,1.0
1.8077131525429595,0.2292342342960711,0.4402569352729889,-0.6432494670875735,2.34384402883375,-0.4499436443692835,0.06219405883392808,-0.23601020446248228,-0.09790798262556814,-0.5406986566036541,-0.2263446258965981,-0.3992894854413955,0.5368649289853663,-0.8774869075436472,-0.7224146133200599,0.0989838245366199,-0.5345024211067588,-0.8261116858895693,0.0,0.0,1.0,0.0,1.0,0.0,1.0,0.0,0.0,0.0,1.0,0.0,0.0,0.0,0.0,1.0,0.0,1.0,0.0,1.0,1.0,1.0,1.0,1.0,1.0,0.0
0.23837975637929248,1.1438556741642336,0.4402569352729889,-0.6432494670875735,1.1507790914763643,-0.4499436443692835,0.06219405883392808,-1.238419137394531,-0.997295264883693,-0.5406986566036541,-0.2263446258965981,-0.3992894854413955,-0.7142362329569328,1.2341330222720055,1.1409029294317736,0.0989838245366199,2.3280522434166735,1.2307985450736536,0.0,0.0,1.0,0.0,1.0,1.0,0.0,0.0,0.0,0.0,0.0,1.0,0.0,0.0,0.0,1.0,1.0,0.0,0.0,1.0,1.0,0.0,1.0,1.0,1.0,0.0
1.8077131525429595,-0.6853872055720913,0.4402569352729889,-0.6432494670875735,1.1507790914763643,0.8964786247660724,1.178860115170367,0.7663987284695665,-0.997295264883693,-0.5406986566036541,-0.2263446258965981,1.0410698456029082,-0.7142362329569328,-1.179146897517312,-1.520979274499417,-0.9165645051248049,2.3280522434166735,-1.413800323307633,1.0,0.0,0.0,0.0,1.0,0.0,0.0,1.0,0.0,0.0,1.0,0.0,0.0,0.0,0.0,0.0,1.0,0.0,0.0,0.0,0.0,1.0,0.0,1.0,1.0,0.0
1.023046454461126,-0.6853872055720913,-0.4798567654298188,-0.6432494670875735,1.1507790914763643,-0.4499436443692835,0.06219405883392808,-0.23601020446248228,-0.09790798262556814,-0.5406986566036541,-1.0037892104979562,-0.3992894854413955,-0.7142362329569328,-0.5758269175699826,-0.19003817253382177,0.6067579893673323,2.3280522434166735,-0.3853452078260215,0.0,0.0,1.0,0.0,1.0,0.0,0.0,0.0,0.0,0.0,0.0,1.0,0.0,1.0,0.0,0.0,1.0,0.0,0.0,1.0,1.0,1.0,1.0,1.0,1.0,1.0
1.8077131525429595,0.2292342342960711,0.4402569352729889,-0.6432494670875735,-0.04228584588102149,0.8964786247660724,0.06219405883392808,1.7688076614016153,-0.09790798262556814,-0.5406986566036541,-0.2263446258965981,1.0410698456029082,-0.7142362329569328,1.2341330222720055,0.34233826825241637,-1.4243386699555172,1.242255646528475,0.790032067010106,0.0,1.0,0.0,0.0,1.0,0.0,1.0,0.0,0.0,0.0,0.0,1.0,0.0,0.0,0.0,1.0,0.0,0.0,0.0,0.0,0.0,1.0,1.0,1.0,0.0,1.0
-1.3309536397843746,-0.6853872055720913,0.4402569352729889,-0.6432494670875735,1.1507790914763643,-0.4499436443692835,1.178860115170367,-0.23601020446248228,-0.997295264883693,-0.5406986566036541,-0.2263446258965981,1.0410698456029082,-0.21379576818001317,0.027493062377346802,-0.19003817253382177,-0.4087903402940925,-0.27785958911500286,-0.09150088911698963,0.0,1.0,1.0,0.0,1.0,0.0,1.0,0.0,0.0,0.0,1.0,0.0,0.0,1.0,0.0,0.0,1.0,0.0,1.0,0.0,1.0,0.0,0.0,1.0,1.0,0.0
0.23837975637929248,-0.6853872055720913,1.3603706359757965,0.7922507560739607,-0.04228584588102149,-0.4499436443692835,0.06219405883392808,-0.23601020446248228,-0.09790798262556814,-0.5406986566036541,-1.0037892104979562,-1.8396488164856992,-0.464016000568473,-0.2741669275963179,-0.19003817253382177,0.0989838245366199,-0.20547314932245633,-0.23842304847150556,0.0,0.0,1.0,0.0,1.0,0.0,0.0,0.0,0.0,1.0,0.0,0.0,0.0,0.0,0.0,1.0,1.0,0.0,0.0,1.0,1.0,0.0,1.0,1.0,1.0,1.0
-0.5462869417025411,-0.6853872055720913,-0.4798567654298188,-0.6432494670875735,-0.04228584588102149,-0.4499436443692835,1.178860115170367,0.7663987284695665,0.8014792996325567,-0.5406986566036541,-1.0037892104979562,1.0410698456029082,-0.7142362329569328,-0.8774869075436472,-0.9886028337131789,-0.4087903402940925,1.242255646528475,-0.9730338452440852,0.0,0.0,1.0,0.0,1.0,0.0,1.0,0.0,0.0,0.0,1.0,0.0,0.0,1.0,0.0,0.0,1.0,0.0,0.0,0.0,1.0,0.0,1.0,1.0,1.0,1.0
0.23837975637929248,1.1438556741642336,-1.3999704661326267,0.7922507560739607,-1.2353507832384072,-0.4499436443692835,0.06219405883392808,1.7688076614016153,0.8014792996325567,0.5833853926513113,1.328544543306118,1.0410698456029082,3.0390672528699643,-0.8774869075436472,-0.7224146133200599,0.0989838245366199,-0.894311850574109,-0.8261116858895693,0.0,1.0,1.0,1.0,0.0,0.0,0.0,1.0,0.0,0.0,1.0,0.0,0.0,1.0,0.0,0.0,1.0,0.0,0.0,0.0,1.0,1.0,1.0,1.0,1.0,1.0
-1.3309536397843746,1.1438556741642336,1.3603706359757965,-0.6432494670875735,-0.04228584588102149,-0.4499436443692835,-1.0544719975025107,-0.23601020446248228,-0.09790798262556814,-0.5406986566036541,-0.2263446258965981,-1.1194691509635473,-0.7142362329569328,-0.2741669275963179,-0.7224146133200599,-0.9165645051248049,1.242255646528475,-0.5322673671805375,0.0,0.0,1.0,0.0,1.0,0.0,0.0,0.0,1.0,1.0,0.0,0.0,0.0,0.0,0.0,1.0,1.0,0.0,0.0,1.0,1.0,0.0,1.0,1.0,1.0,0.0
-1.3309536397843746,1.1438556741642336,1.3603706359757965,-0.6432494670875735,-0.04228584588102149,-0.4499436443692835,-1.0544719975025107,-1.238419137394531,-0.997295264883693,-0.5406986566036541,-1.0037892104979562,1.0410698456029082,-0.21379576818001317,0.9324730322983409,1.1409029294317736,0.6067579893673323,-0.4950189084926425,1.0838763857191378,0.0,1.0,1.0,0.0,1.0,0.0,0.0,0.0,1.0,1.0,0.0,0.0,0.0,0.0,0.0,1.0,1.0,0.0,0.0,1.0,0.0,1.0,1.0,1.0,0.0,0.0
-0.5462869417025411,-0.6853872055720913,-0.4798567654298188,0.7922507560739607,2.34384402883375,-0.4499436443692835,1.178860115170367,-0.23601020446248228,1.7008665818906816,-0.5406986566036541,-1.0037892104979562,1.0410698456029082,0.03642446420844665,-0.2741669275963179,-0.19003817253382177,0.0989838245366199,-0.30888234902609424,-0.23842304847150556,0.0,0.0,0.0,0.0,1.0,0.0,0.0,1.0,0.0,0.0,0.0,1.0,0.0,0.0,0.0,1.0,1.0,0.0,0.0,1.0,1.0,1.0,0.0,1.0,1.0,0.0
-0.5462869417025411,-0.6853872055720913,-1.3999704661326267,0.7922507560739607,-1.2353507832384072,-0.4499436443692835,-1.0544719975025107,-0.23601020446248228,-0.997295264883693,-0.5406986566036541,0.55109995870476,-0.3992894854413955,-0.7142362329569328,-0.8774869075436472,-0.45622639292694084,0.6067579893673323,0.15645904964027652,-0.6791895265350534,0.0,1.0,0.0,0.0,1.0,0.0,1.0,0.0,0.0,0.0,1.0,0.0,0.0,0.0,0.0,0.0,1.0,0.0,0.0,0.0,0.0,1.0,0.0,1.0,0.0,0.0
-0.5462869417025411,1.1438556741642336,1.3603706359757965,-0.6432494670875735,-1.2353507832384072,-0.4499436443692835,-1.0544719975025107,-0.23601020446248228,-0.997295264883693,0.5833853926513113,-1.0037892104979562,1.0410698456029082,-0.7142362329569328,-1.179146897517312,-1.254791054106298,-0.4087903402940925,0.15645904964027652,-1.266878163953117,0.0,1.0,1.0,0.0,1.0,0.0,0.0,0.0,1.0,0.0,0.0,0.0,1.0,0.0,0.0,0.0,1.0,0.0,0.0,1.0,0.0,0.0,1.0,0.0,1.0,1.0
-1.3309536397843746,-0.6853872055720913,-0.4798567654298188,-0.6432494670875735,2.34384402883375,-0.4499436443692835,1.178860115170367,-2.2408280703265797,-0.997295264883693,-0.5406986566036541,-1.0037892104979562,-0.3992894854413955,0.28664469659690645,-1.179146897517312,-0.7224146133200599,0.6067579893673323,-0.44676128196427817,-0.9730338452440852,0.0,0.0,1.0,0.0,1.0,0.0,1.0,0.0,0.0,0.0,1.0,0.0,0.0,0.0,0.0,0.0,1.0,0.0,1.0,1.0,1.0,0.0,1.0,1.0,1.0,0.0
-0.5462869417025411,0.2292342342960711,0.4402569352729889,-0.6432494670875735,-0.04228584588102149,-0.4499436443692835,-2.1711380538389498,-0.23601020446248228,1.7008665818906816,-0.5406986566036541,1.328544543306118,-0.3992894854413955,0.7870851613738261,0.027493062377346802,0.34233826825241637,0.6067579893673323,-0.7622919169574298,0.2023434295920422,0.0,0.0,1.0,1.0,0.0,0.0,1.0,0.0,0.0,0.0,0.0,1.0,0.0,1.0,0.0,0.0,1.0,0.0,0.0,1.0,0.0,0.0,1.0,1.0,1.0,0.0
0.23837975637929248,0.2292342342960711,0.4402569352729889,-0.6432494670875735,-1.2353507832384072,-0.4499436443692835,0.06219405883392808,-0.23601020446248228,1.7008665818906816,1.7074694419062766,2.1059891279074763,1.0410698456029082,-0.33890588437424307,0.9324730322983409,1.1409029294317736,0.6067579893673323,-0.6578883980258723,1.0838763857191378,0.0,1.0,1.0,0.0,1.0,0.0,1.0,0.0,0.0,0.0,0.0,1.0,0.0,0.0,0.0,1.0,1.0,0.0,0.0,0.0,0.0,1.0,0.0,1.0,1.0,0.0
-0.5462869417025411,-0.6853872055720913,1.3603706359757965,0.7922507560739607,-0.04228584588102149,-0.4499436443692835,0.06219405883392808,-1.238419137394531,-0.997295264883693,-0.5406986566036541,-0.2263446258965981,1.0410698456029082,-0.464016000568473,0.6308130423246762,0.6085264886455354,0.0989838245366199,-0.20547314932245633,0.64310990765559,0.0,0.0,1.0,1.0,1.0,0.0,1.0,0.0,0.0,1.0,0.0,0.0,0.0,0.0,0.0,0.0,0.0,0.0,0.0,1.0,1.0,1.0,1.0,1.0,1.0,1.0
-1.3309536397843746,1.1438556741642336,0.4402569352729889,-0.6432494670875735,-1.2353507832384072,-0.4499436443692835,0.06219405883392808,1.7688076614016153,1.7008665818906816,-0.5406986566036541,0.55109995870476,-1.8396488164856992,-0.21379576818001317,1.5357930122456702,1.6732793702180115,0.6067579893673323,-0.7121782278702822,1.6715650231372015,0.0,0.0,1.0,0.0,1.0,0.0,0.0,1.0,0.0,0.0,1.0,0.0,0.0,0.0,0.0,1.0,1.0,0.0,0.0,0.0,1.0,1.0,1.0,1.0,1.0,0.0
-0.5462869417025411,1.1438556741642336,1.3603706359757965,-0.6432494670875735,-1.2353507832384072,-0.4499436443692835,-1.0544719975025107,0.7663987284695665,0.8014792996325567,-0.5406986566036541,1.328544543306118,1.0410698456029082,1.5377458585392054,0.9324730322983409,0.07615004785929728,-1.4243386699555172,-0.8721903579380167,0.4961877483010741,0.0,1.0,1.0,0.0,1.0,1.0,0.0,0.0,0.0,0.0,1.0,0.0,0.0,0.0,0.0,0.0,1.0,0.0,0.0,1.0,0.0,1.0,1.0,1.0,1.0,0.0
0.23837975637929248,-1.6000086454402538,-0.4798567654298188,-0.6432494670875735,-0.04228584588102149,-0.4499436443692835,-1.0544719975025107,1.7688076614016153,-0.997295264883693,0.5833853926513113,-0.2263446258965981,-1.8396488164856992,-0.464016000568473,1.2341330222720055,0.8747147090386544,-0.4087903402940925,-0.20547314932245633,1.0838763857191378,0.0,1.0,0.0,0.0,1.0,0.0,0.0,0.0,0.0,0.0,0.0,0.0,0.0,1.0,0.0,0.0,1.0,0.0,0.0,1.0,1.0,1.0,0.0,1.0,0.0,1.0
-0.5462869417025411,-0.6853872055720913,0.4402569352729889,-0.6432494670875735,-0.04228584588102149,-0.4499436443692835,0.06219405883392808,-0.23601020446248228,-0.09790798262556814,-0.5406986566036541,-1.0037892104979562,-1.1194691509635473,0.5368649289853663,0.027493062377346802,0.34233826825241637,0.6067579893673323,-0.7319199841773404,0.2023434295920422,0.0,0.0,1.0,0.0,1.0,0.0,0.0,1.0,0.0,0.0,0.0,1.0,0.0,0.0,0.0,0.0,1.0,0.0,0.0,0.0,0.0,0.0,1.0,1.0,1.0,0.0
0.23837975637929248,-0.6853872055720913,-0.4798567654298188,-0.6432494670875735,-0.04228584588102149,-0.4499436443692835,1.178860115170367,0.7663987284695665,1.7008665818906816,-0.5406986566036541,-0.2263446258965981,1.0410698456029082,-0.21379576818001317,-0.2741669275963179,-0.45622639292694084,-0.4087903402940925,-0.4950189084926425,-0.3853452078260215,0.0,0.0,1.0,0.0,1.0,0.0,1.0,0.0,0.0,0.0,1.0,0.0,0.0,0.0,0.0,0.0,1.0,0.0,0.0,1.0,0.0,0.0,0.0,1.0,1.0,0.0
1.8077131525429595,-1.6000086454402538,-1.3999704661326267,-0.6432494670875735,-0.04228584588102149,0.8964786247660724,0.06219405883392808,0.7663987284695665,-0.09790798262556814,-0.5406986566036541,0.55109995870476,-0.3992894854413955,1.5377458585392054,0.3291530523510115,-0.19003817253382177,-0.9165645051248049,-0.8150431686281115,0.05542127023752629,0.0,0.0,1.0,1.0,1.0,0.0,0.0,0.0,0.0,0.0,1.0,0.0,0.0,0.0,0.0,1.0,0.0,1.0,1.0,1.0,0.0,1.0,0.0,1.0,1.0,0.0
-0.5462869417025411,0.2292342342960711,-0.4798567654298188,0.7922507560739607,-1.2353507832384072,0.8964786247660724,0.06219405883392808,1.7688076614016153,-0.997295264883693,-0.5406986566036541,-1.0037892104979562,-1.1194691509635473,1.2875256261507457,0.3291530523510115,0.07615004785929728,-0.4087903402940925,-0.8654671591956749,0.2023434295920422,0.0,1.0,1.0,0.0,1.0,0.0,0.0,1.0,0.0,0.0,0.0,1.0,0.0,0.0,0.0,0.0,1.0,0.0,0.0,1.0,0.0,1.0,0.0,0.0,0.0,0.0
-0.5462869417025411,0.2292342342960711,-1.3999704661326267,-0.6432494670875735,-1.2353507832384072,-0.4499436443692835,1.178860115170367,-0.23601020446248228,-0.997295264883693,0.5833853926513113,-0.2263446258965981,1.0410698456029082,-0.464016000568473,0.3291530523510115,0.34233826825241637,0.0989838245366199,-0.5674053482851891,0.3492655889465581,0.0,1.0,1.0,0.0,1.0,0.0,1.0,0.0,0.0,0.0,1.0,0.0,0.0,0.0,0.0,1.0,1.0,0.0,0.0,0.0,0.0,1.0,1.0,1.0,0.0,0.0
0.23837975637929248,-1.6000086454402538,-1.3999704661326267,3.663251202397029,-0.04228584588102149,3.5893231630367843,1.178860115170367,-0.23601020446248228,1.7008665818906816,-0.5406986566036541,2.1059891279074763,1.0410698456029082,-0.7142362329569328,-1.7824668774646413,-0.7224146133200599,1.6223063190287572,1.242255646528475,-1.266878163953117,0.0,1.0,0.0,1.0,1.0,0.0,1.0,0.0,0.0,0.0,0.0,1.0,0.0,0.0,0.0,0.0,1.0,0.0,0.0,0.0,0.0,1.0,1.0,0.0,0.0,1.0
-0.5462869417025411,1.1438556741642336,1.3603706359757965,-0.6432494670875735,-0.04228584588102149,-0.4499436443692835,-2.1711380538389498,0.7663987284695665,0.8014792996325567,0.5833853926513113,0.55109995870476,0.32089018008075637,0.03642446420844665,-0.2741669275963179,0.07615004785929728,0.6067579893673323,-0.619109948137008,-0.09150088911698963,0.0,0.0,0.0,0.0,1.0,1.0,0.0,0.0,0.0,0.0,0.0,0.0,1.0,0.0,1.0,0.0,1.0,0.0,0.0,1.0,0.0,1.0,1.0,1.0,0.0,0.0
1.023046454461126,1.1438556741642336,1.3603706359757965,2.227750979235495,-0.04228584588102149,-0.4499436443692835,-1.0544719975025107,-1.238419137394531,-0.997295264883693,2.831553491161242,-0.2263446258965981,1.0410698456029082,0.5368649289853663,0.9324730322983409,0.34233826825241637,-0.9165645051248049,-0.7319199841773404,0.64310990765559,1.0,0.0,0.0,0.0,1.0,0.0,1.0,0.0,0.0,0.0,0.0,0.0,1.0,0.0,1.0,0.0,0.0,0.0,0.0,1.0,1.0,0.0,0.0,1.0,1.0,1.0
-0.5462869417025411,-0.6853872055720913,-0.4798567654298188,0.7922507560739607,-1.2353507832384072,2.2429008939014285,-2.1711380538389498,-0.23601020446248228,-0.09790798262556814,0.5833853926513113,-0.2263446258965981,-1.1194691509635473,0.28664469659690645,-0.5758269175699826,-0.45622639292694084,0.0989838245366199,-0.808693480927011,-0.5322673671805375,0.0,1.0,1.0,1.0,1.0,0.0,0.0,1.0,0.0,0.0,0.0,1.0,0.0,0.0,0.0,1.0,0.0,0.0,0.0,1.0,0.0,1.0,1.0,1.0,1.0,0.0
1.023046454461126,0.2292342342960711,-0.4798567654298188,0.7922507560739607,-1.2353507832384072,0.8964786247660724,0.06219405883392808,0.7663987284695665,1.7008665818906816,0.5833853926513113,1.328544543306118,1.0410698456029082,-0.7142362329569328,-1.4808068874909766,-0.7224146133200599,1.1145321541980449,0.15645904964027652,-1.1199560045986012,0.0,1.0,1.0,0.0,1.0,0.0,0.0,1.0,0.0,0.0,1.0,0.0,0.0,0.0,0.0,0.0,1.0,0.0,0.0,0.0,0.0,0.0,1.0,0.0,1.0,0.0
-1.3309536397843746,-1.6000086454402538,-0.4798567654298188,-0.6432494670875735,-0.04228584588102149,-0.4499436443692835,0.06219405883392808,-0.23601020446248228,-0.997295264883693,-0.5406986566036541,-1.0037892104979562,1.0410698456029082,-0.464016000568473,-0.5758269175699826,-0.19003817253382177,0.6067579893673323,-0.20547314932245633,-0.3853452078260215,0.0,1.0,1.0,1.0,1.0,0.0,1.0,0.0,0.0,0.0,0.0,0.0,0.0,1.0,0.0,0.0,0.0,0.0,1.0,1.0,0.0,1.0,1.0,1.0,1.0,0.0
1.8077131525429595,-1.6000086454402538,-0.4798567654298188,-0.6432494670875735,-0.04228584588102149,0.8964786247660724,0.06219405883392808,-1.238419137394531,0.8014792996325567,0.5833853926513113,-0.2263446258965981,-0.3992894854413955,-0.7142362329569328,-0.5758269175699826,-0.45622639292694084,0.0989838245366199,1.242255646528475,-0.5322673671805375,0.0,0.0,1.0,1.0,1.0,0.0,0.0,1.0,0.0,0.0,0.0,1.0,0.0,1.0,0.0,0.0,0.0,1.0,0.0,0.0,0.0,1.0,0.0,1.0,0.0,1.0
1.8077131525429595,-2.5146300853084163,-1.3999704661326267,-0.6432494670875735,-0.04228584588102149,3.5893231630367843,-1.0544719975025107,0.7663987284695665,-0.997295264883693,-0.5406986566036541,-1.0037892104979562,1.0410698456029082,-0.464016000568473,-1.179146897517312,-0.7224146133200599,0.6067579893673323,-0.20547314932245633,-0.9730338452440852,0.0,0.0,1.0,0.0,1.0,0.0,0.0,0.0,0.0,0.0,1.0,0.0,0.0,0.0,0.0,0.0,0.0,1.0,0.0,1.0,0.0,0.0,0.0,0.0,0.0,0.0
-1.3309536397843746,1.1438556741642336,1.3603706359757965,-0.6432494670875735,-1.2353507832384072,-0.4499436443692835,0.06219405883392808,-0.23601020446248228,-0.09790798262556814,-0.5406986566036541,0.55109995870476,1.0410698456029082,-0.464016000568473,0.9324730322983409,0.8747147090386544,0.0989838245366199,-0.5674053482851891,0.9369542263646219,0.0,1.0,1.0,1.0,1.0,1.0,0.0,0.0,0.0,0.0,0.0,1.0,0.0,0.0,0.0,0.0,0.0,0.0,0.0,1.0,1.0,1.0,1.0,1.0,1.0,0.0
-1.3309536397843746,1.1438556741642336,1.3603706359757965,-0.6432494670875735,2.34384402883375,-0.4499436443692835,-3.2878041101753888,-0.23601020446248228,-0.09790798262556814,3.955637540416207,2.1059891279074763,-0.3992894854413955,-0.21379576818001317,0.6308130423246762,0.6085264886455354,0.0989838245366199,-0.060700269737363116,0.64310990765559,0.0,1.0,1.0,0.0,0.0,0.0,1.0,0.0,0.0,0.0,0.0,1.0,0.0,0.0,0.0,1.0,1.0,0.0,0.0,1.0,0.0,1.0,0.0,1.0,1.0,1.0
0.23837975637929248,1.1438556741642336,1.3603706359757965,0.7922507560739607,-0.04228584588102149,-0.4499436443692835,-1.0544719975025107,-0.23601020446248228,-0.09790798262556814,0.5833853926513113,0.55109995870476,0.32089018008075637,-0.464016000568473,-0.2741669275963179,0.07615004785929728,0.6067579893673323,-0.20547314932245633,-0.09150088911698963,0.0,1.0,0.0,1.0,0.0,0.0,0.0,0.0,1.0,0.0,1.0,0.0,0.0,0.0,0.0,0.0,1.0,0.0,0.0,1.0,1.0,0.0,1.0,1.0,1.0,0.0
1.023046454461126,-1.6000086454402538,-1.3999704661326267,0.7922507560739607,1.1507790914763643,-0.4499436443692835,1.178860115170367,-0.23601020446248228,-0.997295264883693,-0.5406986566036541,-1.0037892104979562,0.32089018008075637,-0.7142362329569328,2.1391129921929997,1.4070911498248926,-0.9165645051248049,2.3280522434166735,1.8184871824917175,1.0,0.0,1.0,1.0,1.0,0.0,0.0,0.0,0.0,0.0,0.0,1.0,0.0,0.0,0.0,0.0,0.0,0.0,0.0,0.0,0.0,0.0,1.0,1.0,1.0,0.0
1.023046454461126,1.1438556741642336,1.3603706359757965,-0.6432494670875735,-0.04228584588102149,-0.4499436443692835,1.178860115170367,0.7663987284695665,-0.09790798262556814,1.7074694419062766,1.328544543306118,-1.1194691509635473,-0.21379576818001317,-0.8774869075436472,-0.45622639292694084,0.6067579893673323,-0.4950189084926425,-0.6791895265350534,1.0,0.0,0.0,1.0,1.0,0.0,0.0,0.0,1.0,0.0,0.0,1.0,0.0,0.0,0.0,0.0,1.0,0.0,0.0,0.0,1.0,1.0,1.0,1.0,1.0,0.0
-0.5462869417025411,-1.6000086454402538,-1.3999704661326267,-0.6432494670875735,-0.04228584588102149,0.8964786247660724,0.06219405883392808,0.7663987284695665,0.8014792996325567,-0.5406986566036541,0.55109995870476,1.0410698456029082,-0.7142362329569328,0.9324730322983409,0.34233826825241637,-0.9165645051248049,1.242255646528475,0.64310990765559,0.0,1.0,1.0,1.0,1.0,0.0,0.0,1.0,0.0,0.0,1.0,0.0,0.0,0.0,0.0,0.0,1.0,0.0,0.0,0.0,0.0,0.0,1.0,1.0,0.0,1.0
1.023046454461126,-1.6000086454402538,0.4402569352729889,0.7922507560739607,-0.04228584588102149,-0.4499436443692835,-1.0544719975025107,-0.23601020446248228,0.8014792996325567,0.5833853926513113,1.328544543306118,-0.3992894854413955,-0.21379576818001317,-0.2741669275963179,-0.19003817253382177,0.0989838245366199,-0.4950189084926425,-0.23842304847150556,1.0,1.0,0.0,0.0,1.0,0.0,0.0,0.0,0.0,0.0,1.0,0.0,0.0,0.0,0.0,0.0,1.0,0.0,0.0,1.0,1.0,0.0,1.0,1.0,0.0,0.0
-0.5462869417025411,1.1438556741642336,0.4402569352729889,-0.6432494670875735,1.1507790914763643,-0.4499436443692835,1.178860115170367,-0.23601020446248228,1.7008665818906816,-0.5406986566036541,-1.0037892104979562,-0.3992894854413955,-0.7142362329569328,-1.179146897517312,-0.45622639292694084,1.1145321541980449,2.3280522434166735,-0.8261116858895693,0.0,0.0,1.0,0.0,1.0,0.0,1.0,0.0,0.0,0.0,0.0,0.0,0.0,0.0,0.0,0.0,1.0,0.0,1.0,1.0,1.0,0.0,1.0,1.0,1.0,0.0
0.23837975637929248,-0.6853872055720913,0.4402569352729889,0.7922507560739607,-1.2353507832384072,-0.4499436443692835,1.178860115170367,-1.238419137394531,-0.997295264883693,-0.5406986566036541,-1.0037892104979562,-1.1194691509635473,-0.21379576818001317,0.3291530523510115,0.34233826825241637,0.0989838245366199,-0.7121782278702822,0.3492655889465581,0.0,1.0,1.0,0.0,1.0,0.0,1.0,0.0,0.0,0.0,1.0,0.0,0.0,0.0,0.0,0.0,0.0,0.0,0.0,0.0,0.0,0.0,1.0,1.0,1.0,0.0
-0.5462869417025411,1.1438556741642336,1.3603706359757965,-0.6432494670875735,1.1507790914763643,-0.4499436443692835,1.178860115170367,0.7663987284695665,1.7008665818906816,-0.5406986566036541,-1.0037892104979562,0.32089018008075637,-0.21379576818001317,0.9324730322983409,1.1409029294317736,0.6067579893673323,-0.27785958911500286,1.0838763857191378,0.0,0.0,1.0,1.0,1.0,1.0,0.0,0.0,0.0,1.0,0.0,0.0,0.0,0.0,1.0,0.0,1.0,0.0,0.0,1.0,1.0,1.0,1.0,1.0,1.0,1.0
-1.3309536397843746,0.2292342342960711,-0.4798567654298188,0.7922507560739607,-0.04228584588102149,-0.4499436443692835,0.06219405883392808,-0.23601020446248228,1.7008665818906816,-0.5406986566036541,-1.0037892104979562,-1.1194691509635473,2.538626788093045,-1.179146897517312,-1.254791054106298,-0.4087903402940925,-0.848908169700648,-1.266878163953117,0.0,0.0,1.0,0.0,1.0,0.0,0.0,1.0,0.0,0.0,1.0,0.0,0.0,1.0,0.0,0.0,1.0,0.0,1.0,1.0,1.0,0.0,1.0,1.0,1.0,0.0
1.023046454461126,-0.6853872055720913,-1.3999704661326267,0.7922507560739607,-1.2353507832384072,-0.4499436443692835,0.06219405883392808,0.7663987284695665,-0.09790798262556814,-0.5406986566036541,0.55109995870476,1.0410698456029082,-0.08868565198578325,-1.179146897517312,-1.254791054106298,-0.4087903402940925,-0.7483714477665555,-1.266878163953117,1.0,1.0,0.0,0.0,1.0,0.0,1.0,0.0,0.0,0.0,1.0,0.0,0.0,0.0,1.0,0.0,1.0,0.0,0.0,0.0,0.0,1.0,0.0,1.0,1.0,1.0
0.23837975637929248,-0.6853872055720913,0.4402569352729889,0.7922507560739607,-0.04228584588102149,-0.4499436443692835,0.06219405883392808,0.7663987284695665,-0.09790798262556814,-0.5406986566036541,-1.0037892104979562,-0.3992894854413955,-0.464016000568473,0.027493062377346802,0.07615004785929728,0.0989838245366199,-0.20547314932245633,0.05542127023752629,1.0,1.0,1.0,0.0,1.0,0.0,1.0,0.0,0.0,0.0,0.0,1.0,0.0,1.0,0.0,0.0,0.0,0.0,0.0,0.0,0.0,1.0,1.0,1.0,1.0,0.0
-0.5462869417025411,-0.6853872055720913,-0.4798567654298188,0.7922507560739607,-0.04228584588102149,-0.4499436443692835,1.178860115170367,0.7663987284695665,0.8014792996325567,0.5833853926513113,1.328544543306118,1.0410698456029082,-0.7142362329569328,0.6308130423246762,0.6085264886455354,0.0989838245366199,1.242255646528475,0.64310990765559,0.0,1.0,1.0,1.0,1.0,0.0,1.0,0.0,0.0,0.0,1.0,0.0,0.0,0.0,0.0,1.0,1.0,0.0,0.0,1.0,0.0,1.0,1.0,1.0,1.0,0.0
-0.5462869417025411,-0.6853872055720913,-0.4798567654298188,-0.6432494670875735,-0.04228584588102149,-0.4499436443692835,1.178860115170367,-2.2408280703265797,1.7008665818906816,-0.5406986566036541,-1.0037892104979562,0.32089018008075637,-0.7142362329569328,-1.4808068874909766,-0.9886028337131789,0.6067579893673323,1.242255646528475,-1.266878163953117,0.0,0.0,1.0,0.0,1.0,0.0,1.0,0.0,0.0,0.0,1.0,0.0,0.0,1.0,0.0,0.0,1.0,0.0,0.0,1.0,1.0,0.0,0.0,1.0,1.0,0.0
1.023046454461126,-0.6853872055720913,-1.3999704661326267,3.663251202397029,-0.04228584588102149,-0.4499436443692835,0.06219405883392808,-0.23601020446248228,-0.997295264883693,2.831553491161242,2.1059891279074763,-0.3992894854413955,1.0373053937622858,-0.2741669275963179,-0.7224146133200599,-0.9165645051248049,-0.7845646676628288,-0.5322673671805375,0.0,1.0,1.0,1.0,1.0,0.0,0.0,0.0,0.0,0.0,1.0,0.0,0.0,0.0,0.0,0.0,1.0,0.0,1.0,1.0,1.0,1.0,1.0,1.0,1.0,1.0
-0.5462869417025411,-1.6000086454402538,-1.3999704661326267,0.7922507560739607,-0.04228584588102149,-0.4499436443692835,-1.0544719975025107,0.7663987284695665,-0.997295264883693,-0.5406986566036541,-1.0037892104979562,1.0410698456029082,1.5377458585392054,-0.5758269175699826,-0.9886028337131789,-0.9165645051248049,-0.8150431686281115,-0.8261116858895693,0.0,1.0,1.0,1.0,1.0,0.0,1.0,0.0,0.0,0.0,1.0,0.0,0.0,1.0,0.0,0.0,1.0,0.0,0.0,1.0,1.0,0.0,1.0,1.0,1.0,0.0
0.23837975637929248,-1.6000086454402538,-0.4798567654298188,-0.6432494670875735,-1.2353507832384072,-0.4499436443692835,-1.0544719975025107,1.7688076614016153,1.7008665818906816,-0.5406986566036541,0.55109995870476,-1.8396488164856992,1.0373053937622858,-1.4808068874909766,-1.520979274499417,-0.4087903402940925,-0.8569511074553753,-1.5607224826621489,1.0,0.0,0.0,0.0,1.0,0.0,1.0,0.0,0.0,0.0,1.0,0.0,0.0,0.0,0.0,0.0,1.0,0.0,0.0,0.0,0.0,1.0,1.0,1.0,1.0,0.0
1.023046454461126,-0.6853872055720913,-1.3999704661326267,-0.6432494670875735,1.1507790914763643,-0.4499436443692835,0.06219405883392808,-1.238419137394531,0.8014792996325567,-0.5406986566036541,0.55109995870476,-1.1194691509635473,0.03642446420844665,1.2341330222720055,0.8747147090386544,-0.4087903402940925,-0.46399614858155114,1.0838763857191378,0.0,1.0,1.0,0.0,1.0,0.0,0.0,1.0,0.0,0.0,0.0,1.0,0.0,0.0,0.0,1.0,1.0,0.0,0.0,0.0,1.0,1.0,1.0,1.0,1.0,0.0
-1.3309536397843746,1.1438556741642336,-2.3200841668354344,0.7922507560739607,2.34384402883375,-0.4499436443692835,-1.0544719975025107,0.7663987284695665,-0.09790798262556814,-0.5406986566036541,-1.0037892104979562,-1.8396488164856992,0.28664469659690645,0.027493062377346802,0.07615004785929728,0.0989838245366199,-0.44676128196427817,0.05542127023752629,0.0,1.0,1.0,0.0,1.0,0.0,0.0,0.0,1.0,0.0,1.0,0.0,0.0,0.0,0.0,0.0,1.0,0.0,0.0,0.0,0.0,1.0,1.0,1.0,1.0,0.0
-1.3309536397843746,-0.6853872055720913,-0.4798567654298188,-0.6432494670875735,-1.2353507832384072,-0.4499436443692835,0.06219405883392808,-1.238419137394531,-0.997295264883693,-0.5406986566036541,-0.2263446258965981,1.0410698456029082,-0.464016000568473,0.3291530523510115,0.34233826825241637,0.0989838245366199,-0.5674053482851891,0.3492655889465581,0.0,1.0,1.0,0.0,1.0,0.0,1.0,0.0,0.0,0.0,1.0,0.0,0.0,1.0,0.0,0.0,1.0,0.0,0.0,1.0,1.0,0.0,1.0,1.0,1.0,0.0
-0.5462869417025411,1.1438556741642336,-0.4798567654298188,0.7922507560739607,-0.04228584588102149,-0.4499436443692835,1.178860115170367,-0.23601020446248228,-0.09790798262556814,-0.5406986566036541,-1.0037892104979562,-1.8396488164856992,-0.7142362329569328,0.027493062377346802,-0.19003817253382177,-0.4087903402940925,1.242255646528475,-0.09150088911698963,0.0,0.0,1.0,0.0,1.0,0.0,0.0,0.0,1.0,0.0,0.0,1.0,0.0,1.0,0.0,0.0,1.0,0.0,0.0,1.0,1.0,1.0,1.0,1.0,1.0,0.0
-1.3309536397843746,1.1438556741642336,1.3603706359757965,0.7922507560739607,-0.04228584588102149,-0.4499436443692835,0.06219405883392808,-0.23601020446248228,-1.896682547141818,-0.5406986566036541,-1.0037892104979562,1.0410698456029082,-0.7142362329569328,1.837453002219335,1.4070911498248926,-0.4087903402940925,1.242255646528475,1.6715650231372015,0.0,1.0,1.0,0.0,1.0,0.0,0.0,1.0,0.0,0.0,0.0,1.0,0.0,0.0,0.0,1.0,1.0,0.0,0.0,1.0,0.0,1.0,1.0,1.0,1.0,0.0
1.023046454461126,-0.6853872055720913,-1.3999704661326267,-0.6432494670875735,-0.04228584588102149,0.8964786247660724,1.178860115170367,0.7663987284695665,-0.09790798262556814,-0.5406986566036541,-1.0037892104979562,1.0410698456029082,0.7870851613738261,0.3291530523510115,0.34233826825241637,0.0989838245366199,-0.7622919169574298,0.3492655889465581,0.0,0.0,1.0,1.0,1.0,0.0,0.0,1.0,0.0,0.0,0.0,0.0,0.0,0.0,0.0,1.0,1.0,0.0,0.0,0.0,0.0,0.0,1.0,1.0,1.0,1.0
-0.5462869417025411,-0.6853872055720913,-0.4798567654298188,-0.6432494670875735,-0.04228584588102149,-0.4499436443692835,0.06219405883392808,-0.23601020446248228,1.7008665818906816,0.5833853926513113,1.328544543306118,0.32089018008075637,-0.21379576818001317,-0.2741669275963179,-0.19003817253382177,0.0989838245366199,-0.4950189084926425,-0.23842304847150556,0.0,1.0,1.0,0.0,1.0,0.0,1.0,0.0,0.0,0.0,1.0,0.0,0.0,0.0,0.0,0.0,0.0,0.0,0.0,0.0,0.0,0.0,1.0,0.0,1.0,0.0
0.23837975637929248,1.1438556741642336,1.3603706359757965,-0.6432494670875735,-1.2353507832384072,-0.4499436443692835,1.178860115170367,-1.238419137394531,-1.896682547141818,-0.5406986566036541,-0.2263446258965981,-0.3992894854413955,0.7870851613738261,-0.8774869075436472,-0.19003817253382177,1.1145321541980449,-0.8458147321026758,-0.5322673671805375,0.0,0.0,0.0,1.0,1.0,0.0,0.0,1.0,0.0,0.0,1.0,0.0,0.0,0.0,1.0,0.0,1.0,0.0,0.0,1.0,1.0,0.0,1.0,1.0,0.0,0.0
-0.5462869417025411,1.1438556741642336,0.4402569352729889,-0.6432494670875735,-0.04228584588102149,-0.4499436443692835,-1.0544719975025107,0.7663987284695665,-0.09790798262556814,0.5833853926513113,0.55109995870476,-0.3992894854413955,0.5368649289853663,-0.5758269175699826,-0.7224146133200599,-0.4087903402940925,-0.7319199841773404,-0.6791895265350534,0.0,1.0,1.0,0.0,1.0,0.0,0.0,0.0,1.0,0.0,1.0,0.0,0.0,1.0,0.0,0.0,1.0,0.0,0.0,1.0,1.0,1.0,1.0,1.0,1.0,0.0
1.023046454461126,-1.6000086454402538,-1.3999704661326267,0.7922507560739607,-0.04228584588102149,0.8964786247660724,0.06219405883392808,0.7663987284695665,-0.09790798262556814,0.5833853926513113,0.55109995870476,1.0410698456029082,-0.464016000568473,0.6308130423246762,0.34233826825241637,-0.4087903402940925,-0.20547314932245633,0.4961877483010741,1.0,1.0,0.0,1.0,1.0,0.0,0.0,0.0,0.0,0.0,1.0,0.0,0.0,0.0,1.0,0.0,1.0,0.0,0.0,0.0,0.0,1.0,0.0,0.0,0.0,0.0
0.23837975637929248,0.2292342342960711,0.4402569352729889,0.7922507560739607,-0.04228584588102149,-0.4499436443692835,0.06219405883392808,1.7688076614016153,0.8014792996325567,0.5833853926513113,0.55109995870476,-0.3992894854413955,-0.464016000568473,0.6308130423246762,0.6085264886455354,0.0989838245366199,-0.20547314932245633,0.64310990765559,1.0,1.0,1.0,0.0,1.0,1.0,0.0,0.0,0.0,0.0,1.0,0.0,0.0,0.0,0.0,0.0,1.0,0.0,0.0,1.0,1.0,0.0,1.0,1.0,1.0,0.0
0.23837975637929248,-0.6853872055720913,-0.4798567654298188,-0.6432494670875735,-1.2353507832384072,-0.4499436443692835,-1.0544719975025107,0.7663987284695665,0.8014792996325567,-0.5406986566036541,0.55109995870476,1.0410698456029082,0.7870851613738261,-0.2741669275963179,0.6085264886455354,1.6223063190287572,-0.8458147321026758,0.2023434295920422,0.0,0.0,1.0,1.0,1.0,0.0,1.0,0.0,0.0,0.0,1.0,0.0,0.0,0.0,0.0,0.0,0.0,0.0,0.0,1.0,0.0,0.0,1.0,1.0,1.0,1.0
-0.5462869417025411,0.2292342342960711,0.4402569352729889,-0.6432494670875735,1.1507790914763643,-0.4499436443692835,1.178860115170367,-0.23601020446248228,-0.09790798262556814,-0.5406986566036541,-1.0037892104979562,1.0410698456029082,-0.464016000568473,1.5357930122456702,1.9394675906111307,1.1145321541980449,0.15645904964027652,1.8184871824917175,0.0,1.0,1.0,0.0,1.0,0.0,0.0,1.0,0.0,0.0,1.0,0.0,0.0,1.0,0.0,0.0,0.0,0.0,0.0,1.0,0.0,1.0,1.0,1.0,1.0,0.0
-0.5462869417025411,0.2292342342960711,0.4402569352729889,0.7922507560739607,-1.2353507832384072,-0.4499436443692835,1.178860115170367,0.7663987284695665,-0.997295264883693,-0.5406986566036541,-1.0037892104979562,1.0410698456029082,-0.7142362329569328,0.6308130423246762,0.8747147090386544,0.6067579893673323,0.15645904964027652,0.790032067010106,0.0,1.0,1.0,0.0,1.0,0.0,1.0,0.0,0.0,0.0,0.0,1.0,0.0,1.0,0.0,0.0,0.0,0.0,0.0,0.0,0.0,1.0,1.0,1.0,1.0,0.0
0.23837975637929248,-0.6853872055720913,-1.3999704661326267,0.7922507560739607,-1.2353507832384072,2.2429008939014285,-1.0544719975025107,-0.23601020446248228,-0.997295264883693,0.5833853926513113,-0.2263446258965981,1.0410698456029082,-0.7142362329569328,-1.179146897517312,-1.254791054106298,-0.4087903402940925,0.15645904964027652,-1.266878163953117,0.0,1.0,0.0,1.0,1.0,0.0,0.0,0.0,0.0,0.0,1.0,0.0,0.0,0.0,0.0,0.0,1.0,0.0,0.0,0.0,0.0,1.0,1.0,0.0,1.0,1.0
-1.3309536397843746,1.1438556741642336,-0.4798567654298188,-0.6432494670875735,1.1507790914763643,-0.4499436443692835,1.178860115170367,-0.23601020446248228,-0.09790798262556814,-0.5406986566036541,0.55109995870476,-1.8396488164856992,-0.21379576818001317,0.6308130423246762,0.8747147090386544,0.6067579893673323,-0.27785958911500286,0.790032067010106,0.0,0.0,1.0,0.0,1.0,0.0,1.0,0.0,0.0,0.0,1.0,0.0,0.0,0.0,0.0,1.0,1.0,0.0,0.0,1.0,0.0,1.0,1.0,1.0,1.0,0.0
-1.3309536397843746,-0.6853872055720913,0.4402569352729889,-0.6432494670875735,-0.04228584588102149,-0.4499436443692835,0.06219405883392808,0.7663987284695665,0.8014792996325567,-0.5406986566036541,-1.0037892104979562,-1.8396488164856992,-0.464016000568473,0.027493062377346802,-0.7224146133200599,-1.4243386699555172,-0.20547314932245633,-0.3853452078260215,0.0,1.0,0.0,0.0,1.0,0.0,0.0,0.0,0.0,0.0,0.0,1.0,0.0,0.0,0.0,0.0,1.0,0.0,1.0,0.0,1.0,1.0,1.0,1.0,0.0,0.0
-1.3309536397843746,0.2292342342960711,-1.3999704661326267,0.7922507560739607,2.34384402883375,-0.4499436443692835,0.06219405883392808,0.7663987284695665,-0.997295264883693,0.5833853926513113,0.55109995870476,-0.3992894854413955,0.7870851613738261,1.5357930122456702,1.4070911498248926,0.0989838245366199,-0.5952462866669377,1.5246428637826857,0.0,0.0,0.0,1.0,1.0,0.0,1.0,0.0,0.0,0.0,1.0,0.0,0.0,0.0,0.0,1.0,0.0,0.0,0.0,1.0,0.0,0.0,0.0,1.0,1.0,0.0
-0.5462869417025411,0.2292342342960711,1.3603706359757965,-0.6432494670875735,-0.04228584588102149,-0.4499436443692835,1.178860115170367,-0.23601020446248228,-0.09790798262556814,-0.5406986566036541,-1.0037892104979562,1.0410698456029082,-0.21379576818001317,0.027493062377346802,0.07615004785929728,0.0989838245366199,-0.4950189084926425,0.05542127023752629,0.0,1.0,1.0,1.0,0.0,0.0,0.0,1.0,0.0,0.0,1.0,0.0,0.0,1.0,0.0,0.0,1.0,0.0,1.0,1.0,0.0,1.0,1.0,1.0,1.0,0.0
-0.5462869417025411,1.1438556741642336,1.3603706359757965,-0.6432494670875735,-1.2353507832384072,-0.4499436443692835,0.06219405883392808,0.7663987284695665,0.8014792996325567,-0.5406986566036541,-0.2263446258965981,-1.1194691509635473,-0.21379576818001317,0.9324730322983409,0.8747147090386544,0.0989838245366199,-0.7121782278702822,0.9369542263646219,0.0,0.0,1.0,0.0,1.0,1.0,0.0,0.0,0.0,0.0,1.0,0.0,0.0,1.0,0.0,0.0,1.0,0.0,0.0,1.0,0.0,0.0,1.0,1.0,1.0,0.0
-1.3309536397843746,1.1438556741642336,0.4402569352729889,-0.6432494670875735,-0.04228584588102149,-0.4499436443692835,0.06219405883392808,-0.23601020446248228,-0.997295264883693,-0.5406986566036541,-1.0037892104979562,-1.8396488164856992,-0.7142362329569328,0.9324730322983409,1.1409029294317736,0.6067579893673323,1.242255646528475,1.0838763857191378,0.0,0.0,1.0,0.0,0.0,0.0,0.0,1.0,0.0,0.0,0.0,1.0,0.0,0.0,0.0,1.0,1.0,0.0,0.0,1.0,1.0,1.0,1.0,1.0,1.0,0.0
-0.5462869417025411,0.2292342342960711,0.4402569352729889,0.7922507560739607,-1.2353507832384072,2.2429008939014285,0.06219405883392808,-0.23601020446248228,-0.997295264883693,-0.5406986566036541,-1.0037892104979562,1.0410698456029082,-0.7142362329569328,-2.084126867438306,-2.8519203764650123,-1.9321128347862297,0.15645904964027652,-2.5891775981437606,0.0,0.0,1.0,0.0,0.0,0.0,1.0,0.0,0.0,0.0,1.0,0.0,0.0,0.0,0.0,0.0,0.0,1.0,0.0,1.0,0.0,1.0,0.0,1.0,1.0,1.0
-1.3309536397843746,1.1438556741642336,-0.4798567654298188,-0.6432494670875735,-0.04228584588102149,-0.4499436443692835,0.06219405883392808,-0.23601020446248228,-0.09790798262556814,-0.5406986566036541,-1.0037892104979562,1.0410698456029082,-0.464016000568473,0.027493062377346802,0.6085264886455354,1.1145321541980449,-0.20547314932245633,0.3492655889465581,0.0,0.0,1.0,1.0,1.0,1.0,0.0,0.0,0.0,0.0,1.0,0.0,0.0,0.0,1.0,0.0,1.0,0.0,0.0,1.0,1.0,0.0,1.0,1.0,1.0,0.0
0.23837975637929248,-1.6000086454402538,-0.4798567654298188,0.7922507560739607,-0.04228584588102149,-0.4499436443692835,-1.0544719975025107,-1.238419137394531,-0.997295264883693,-0.5406986566036541,-0.2263446258965981,-0.3992894854413955,-0.7142362329569328,0.3291530523510115,0.07615004785929728,-0.4087903402940925,1.242255646528475,0.2023434295920422,1.0,0.0,0.0,0.0,1.0,0.0,1.0,0.0,0.0,0.0,0.0,1.0,0.0,0.0,0.0,0.0,0.0,0.0,0.0,0.0,0.0,0.0,0.0,1.0,0.0,0.0
0.23837975637929248,1.1438556741642336,1.3603706359757965,-0.6432494670875735,1.1507790914763643,-0.4499436443692835,1.178860115170367,0.7663987284695665,0.8014792996325567,-0.5406986566036541,0.55109995870476,0.32089018008075637,0.16153458040267657,-0.2741669275963179,-0.45622639292694084,-0.4087903402940925,-0.5221638234148475,-0.3853452078260215,0.0,0.0,1.0,0.0,1.0,0.0,0.0,0.0,1.0,0.0,0.0,1.0,0.0,0.0,0.0,0.0,1.0,0.0,0.0,1.0,1.0,1.0,1.0,1.0,1.0,0.0
0.23837975637929248,0.2292342342960711,-1.3999704661326267,0.7922507560739607,-1.2353507832384072,-0.4499436443692835,-2.1711380538389498,0.7663987284695665,1.7008665818906816,1.7074694419062766,1.328544543306118,-1.1194691509635473,-0.33890588437424307,0.9324730322983409,1.4070911498248926,1.1145321541980449,-0.6578883980258723,1.2307985450736536,1.0,1.0,1.0,1.0,1.0,0.0,0.0,1.0,0.0,0.0,0.0,1.0,0.0,0.0,0.0,0.0,1.0,0.0,0.0,0.0,0.0,0.0,0.0,1.0,1.0,0.0
-0.5462869417025411,1.1438556741642336,-0.4798567654298188,-0.6432494670875735,-0.04228584588102149,-0.4499436443692835,0.06219405883392808,-1.238419137394531,-0.09790798262556814,-0.5406986566036541,-1.0037892104979562,-0.3992894854413955,-0.7142362329569328,0.9324730322983409,1.1409029294317736,0.6067579893673323,1.242255646528475,1.0838763857191378,0.0,0.0,1.0,0.0,1.0,1.0,0.0,0.0,0.0,0.0,0.0,1.0,0.0,1.0,0.0,0.0,0.0,0.0,0.0,0.0,1.0,0.0,1.0,1.0,1.0,1.0
-0.5462869417025411,-0.6853872055720913,-0.4798567654298188,2.227750979235495,-1.2353507832384072,-0.4499436443692835,0.06219405883392808,-1.238419137394531,-0.997295264883693,-0.5406986566036541,-0.2263446258965981,-0.3992894854413955,-0.464016000568473,1.837453002219335,1.1409029294317736,-0.9165645051248049,-0.5674053482851891,1.5246428637826857,0.0,1.0,0.0,0.0,1.0,0.0,0.0,0.0,0.0,0.0,1.0,0.0,0.0,0.0,0.0,0.0,1.0,0.0,0.0,0.0,0.0,0.0,0.0,1.0,0.0,0.0
2.592379850624793,-0.6853872055720913,-0.4798567654298188,-0.6432494670875735,-0.04228584588102149,2.2429008939014285,1.178860115170367,1.7688076614016153,0.8014792996325567,2.831553491161242,2.1059891279074763,0.32089018008075637,0.6619750451795962,-0.5758269175699826,-0.45622639292694084,0.0989838245366199,-0.7483714477665555,-0.5322673671805375,1.0,1.0,1.0,1.0,0.0,0.0,0.0,1.0,0.0,0.0,0.0,1.0,0.0,0.0,0.0,0.0,0.0,1.0,0.0,1.0,1.0,0.0,1.0,1.0,0.0,0.0
-1.3309536397843746,0.2292342342960711,1.3603706359757965,0.7922507560739607,1.1507790914763643,2.2429008939014285,0.06219405883392808,-1.238419137394531,-0.997295264883693,0.5833853926513113,-0.2263446258965981,1.0410698456029082,-0.7142362329569328,0.3291530523510115,-2.8519203764650123,-5.994306153431929,2.3280522434166735,-1.413800323307633,0.0,0.0,0.0,0.0,1.0,0.0,0.0,1.0,0.0,0.0,0.0,0.0,1.0,0.0,0.0,0.0,0.0,0.0,0.0,1.0,0.0,0.0,1.0,1.0,1.0,1.0
-1.3309536397843746,1.1438556741642336,-0.4798567654298188,-0.6432494670875735,2.34384402883375,-0.4499436443692835,-1.0544719975025107,-0.23601020446248228,-0.09790798262556814,-0.5406986566036541,-1.0037892104979562,-0.3992894854413955,-0.7142362329569328,-0.2741669275963179,-0.19003817253382177,0.0989838245366199,3.4138488403048717,-0.23842304847150556,0.0,1.0,1.0,0.0,1.0,0.0,1.0,0.0,0.0,0.0,1.0,0.0,0.0,0.0,0.0,0.0,1.0,0.0,0.0,0.0,0.0,0.0,1.0,1.0,1.0,0.0
1.023046454461126,1.1438556741642336,1.3603706359757965,-0.6432494670875735,-0.04228584588102149,-0.4499436443692835,1.178860115170367,0.7663987284695665,-0.09790798262556814,-0.5406986566036541,-1.0037892104979562,-1.1194691509635473,0.41175481279113635,1.2341330222720055,0.6085264886455354,-0.9165645051248049,-0.7121782278702822,0.9369542263646219,0.0,1.0,1.0,1.0,0.0,0.0,0.0,0.0,1.0,0.0,0.0,0.0,1.0,0.0,0.0,1.0,1.0,0.0,0.0,1.0,1.0,1.0,1.0,1.0,1.0,0.0
-1.3309536397843746,0.2292342342960711,-0.4798567654298188,0.7922507560739607,-0.04228584588102149,2.2429008939014285,0.06219405883392808,0.7663987284695665,0.8014792996325567,-0.5406986566036541,1.328544543306118,-0.3992894854413955,0.03642446420844665,-1.7824668774646413,-0.45622639292694084,2.13008048385947,-0.619109948137008,-1.1199560045986012,0.0,1.0,0.0,0.0,1.0,0.0,1.0,0.0,0.0,0.0,1.0,0.0,0.0,0.0,0.0,0.0,1.0,0.0,1.0,1.0,0.0,0.0,1.0,1.0,1.0,1.0
-1.3309536397843746,0.2292342342960711,1.3603706359757965,-0.6432494670875735,-0.04228584588102149,-0.4499436443692835,1.178860115170367,1.7688076614016153,-1.896682547141818,-0.5406986566036541,-1.0037892104979562,1.0410698456029082,-0.7142362329569328,0.9324730322983409,1.1409029294317736,0.6067579893673323,1.242255646528475,1.0838763857191378,0.0,1.0,1.0,0.0,1.0,0.0,1.0,0.0,0.0,0.0,1.0,0.0,0.0,1.0,0.0,0.0,1.0,0.0,0.0,1.0,1.0,1.0,1.0,1.0,1.0,0.0
0.23837975637929248,1.1438556741642336,0.4402569352729889,0.7922507560739607,-0.04228584588102149,-0.4499436443692835,0.06219405883392808,0.7663987284695665,0.8014792996325567,2.831553491161242,1.328544543306118,0.32089018008075637,-0.21379576818001317,-0.2741669275963179,-0.45622639292694084,-0.4087903402940925,-0.4950189084926425,-0.3853452078260215,0.0,1.0,1.0,1.0,1.0,0.0,0.0,0.0,1.0,0.0,1.0,0.0,0.0,0.0,0.0,0.0,1.0,0.0,0.0,0.0,1.0,1.0,1.0,1.0,1.0,0.0
0.23837975637929248,1.1438556741642336,1.3603706359757965,0.7922507560739607,1.1507790914763643,-0.4499436443692835,0.06219405883392808,-0.23601020446248228,-0.09790798262556814,-0.5406986566036541,-0.2263446258965981,0.32089018008075637,-0.21379576818001317,0.9324730322983409,0.8747147090386544,0.0989838245366199,-0.27785958911500286,0.9369542263646219,0.0,0.0,1.0,0.0,1.0,0.0,0.0,0.0,1.0,0.0,0.0,0.0,1.0,0.0,0.0,0.0,1.0,0.0,0.0,1.0,1.0,0.0,0.0,1.0,1.0,1.0
1.023046454461126,0.2292342342960711,1.3603706359757965,0.7922507560739607,-0.04228584588102149,-0.4499436443692835,0.06219405883392808,-1.238419137394531,1.7008665818906816,1.7074694419062766,1.328544543306118,-1.8396488164856992,0.912195277568056,1.837453002219335,1.6732793702180115,0.0989838245366199,-0.7742237476924649,1.8184871824917175,0.0,1.0,0.0,1.0,0.0,0.0,1.0,0.0,0.0,0.0,1.0,0.0,0.0,0.0,0.0,1.0,1.0,0.0,0.0,1.0,1.0,1.0,1.0,1.0,1.0,0.0
1.023046454461126,-1.6000086454402538,-0.4798567654298188,2.227750979235495,-1.2353507832384072,-0.4499436443692835,0.06219405883392808,-0.23601020446248228,-0.09790798262556814,0.5833853926513113,0.55109995870476,-0.3992894854413955,-0.33890588437424307,0.9324730322983409,0.34233826825241637,-0.9165645051248049,-0.6578883980258723,0.64310990765559,1.0,1.0,0.0,1.0,1.0,0.0,0.0,0.0,0.0,0.0,0.0,1.0,0.0,0.0,1.0,0.0,0.0,0.0,0.0,1.0,1.0,1.0,1.0,0.0,1.0,1.0
-0.5462869417025411,1.1438556741642336,0.4402569352729889,0.7922507560739607,-1.2353507832384072,-0.4499436443692835,-1.0544719975025107,-0.23601020446248228,-0.09790798262556814,-0.5406986566036541,-1.0037892104979562,0.32089018008075637,-0.464016000568473,0.027493062377346802,1.1409029294317736,2.13008048385947,-0.5674053482851891,0.64310990765559,0.0,1.0,0.0,0.0,1.0,0.0,0.0,1.0,0.0,0.0,1.0,0.0,0.0,0.0,0.0,1.0,1.0,0.0,1.0,1.0,0.0,1.0,0.0,1.0,1.0,0.0
1.023046454461126,-0.6853872055720913,0.4402569352729889,-0.6432494670875735,1.1507790914763643,-0.4499436443692835,0.06219405883392808,-0.23601020446248228,-0.09790798262556814,-0.5406986566036541,-0.2263446258965981,-0.3992894854413955,-0.21379576818001317,0.027493062377346802,-0.19003817253382177,-0.4087903402940925,-0.27785958911500286,-0.09150088911698963,0.0,0.0,1.0,0.0,1.0,0.0,0.0,0.0,0.0,0.0,1.0,0.0,0.0,0.0,0.0,0.0,1.0,0.0,0.0,1.0,0.0,0.0,1.0,1.0,1.0,0.0
0.23837975637929248,-0.6853872055720913,-0.4798567654298188,0.7922507560739607,-0.04228584588102149,-0.4499436443692835,0.06219405883392808,1.7688076614016153,-0.997295264883693,-0.5406986566036541,-1.0037892104979562,-1.8396488164856992,-0.21379576818001317,0.027493062377346802,0.07615004785929728,0.0989838245366199,-0.4950189084926425,0.05542127023752629,0.0,1.0,0.0,0.0,1.0,0.0,1.0,0.0,0.0,0.0,1.0,0.0,0.0,0.0,0.0,0.0,0.0,0.0,0.0,1.0,1.0,1.0,1.0,1.0,1.0,0.0
0.23837975637929248,1.1438556741642336,0.4402569352729889,-0.6432494670875735,-0.04228584588102149,-0.4499436443692835,-1.0544719975025107,-1.238419137394531,-0.09790798262556814,-0.5406986566036541,-0.2263446258965981,-0.3992894854413955,1.0373053937622858,0.6308130423246762,0.6085264886455354,0.0989838245366199,-0.7845646676628288,0.64310990765559,0.0,0.0,1.0,1.0,1.0,1.0,0.0,0.0,0.0,0.0,1.0,0.0,0.0,0.0,0.0,1.0,0.0,0.0,0.0,0.0,0.0,1.0,1.0,1.0,1.0,1.0
-1.3309536397843746,-0.6853872055720913,-0.4798567654298188,-0.6432494670875735,2.34384402883375,-0.4499436443692835,1.178860115170367,1.7688076614016153,0.8014792996325567,-0.5406986566036541,-0.2263446258965981,1.0410698456029082,0.03642446420844665,1.5357930122456702,0.8747147090386544,-0.9165645051248049,-0.30888234902609424,1.2307985450736536,0.0,1.0,1.0,0.0,1.0,0.0,0.0,1.0,0.0,0.0,0.0,1.0,0.0,1.0,0.0,0.0,0.0,0.0,0.0,1.0,1.0,1.0,1.0,1.0,1.0,0.0
1.023046454461126,-1.6000086454402538,-1.3999704661326267,0.7922507560739607,-1.2353507832384072,-0.4499436443692835,-1.0544719975025107,-0.23601020446248228,-0.997295264883693,-0.5406986566036541,-0.2263446258965981,-0.3992894854413955,-0.21379576818001317,-0.2741669275963179,-0.19003817253382177,0.0989838245366199,-0.7121782278702822,-0.23842304847150556,1.0,1.0,1.0,1.0,1.0,0.0,1.0,0.0,0.0,0.0,0.0,1.0,0.0,1.0,0.0,0.0,0.0,0.0,0.0,0.0,0.0,0.0,0.0,1.0,1.0,1.0
1.023046454461126,1.1438556741642336,0.4402569352729889,-0.6432494670875735,2.34384402883375,-0.4499436443692835,0.06219405883392808,-0.23601020446248228,-0.09790798262556814,-0.5406986566036541,-1.0037892104979562,-0.3992894854413955,-0.7142362329569328,0.9324730322983409,0.6085264886455354,-0.4087903402940925,3.4138488403048717,0.790032067010106,0.0,0.0,1.0,0.0,1.0,0.0,1.0,0.0,0.0,0.0,1.0,0.0,0.0,0.0,0.0,1.0,0.0,0.0,0.0,1.0,1.0,0.0,1.0,1.0,1.0,0.0
0.23837975637929248,0.2292342342960711,-0.4798567654298188,0.7922507560739607,-0.04228584588102149,-0.4499436443692835,-3.2878041101753888,-1.238419137394531,-0.09790798262556814,-0.5406986566036541,-0.2263446258965981,1.0410698456029082,-0.464016000568473,0.3291530523510115,0.34233826825241637,0.0989838245366199,-0.20547314932245633,0.3492655889465581,1.0,0.0,1.0,1.0,0.0,0.0,0.0,1.0,0.0,0.0,1.0,0.0,0.0,0.0,0.0,1.0,1.0,0.0,0.0,0.0,0.0,0.0,1.0,1.0,0.0,1.0
-1.3309536397843746,0.2292342342960711,1.3603706359757965,-0.6432494670875735,1.1507790914763643,-0.4499436443692835,0.06219405883392808,-0.23601020446248228,-0.997295264883693,-0.5406986566036541,-1.0037892104979562,1.0410698456029082,-0.464016000568473,0.3291530523510115,0.34233826825241637,0.0989838245366199,0.15645904964027652,0.3492655889465581,0.0,0.0,0.0,0.0,1.0,0.0,0.0,1.0,0.0,1.0,0.0,0.0,0.0,0.0,0.0,0.0,1.0,0.0,1.0,1.0,1.0,1.0,1.0,1.0,1.0,0.0
1.8077131525429595,-1.6000086454402538,-0.4798567654298188,-0.6432494670875735,-0.04228584588102149,0.8964786247660724,0.06219405883392808,1.7688076614016153,-0.997295264883693,0.5833853926513113,-0.2263446258965981,0.32089018008075637,-0.33890588437424307,0.6308130423246762,0.07615004785929728,-0.9165645051248049,-0.3864392488038227,0.3492655889465581,0.0,1.0,1.0,0.0,1.0,0.0,1.0,0.0,0.0,0.0,0.0,1.0,0.0,0.0,0.0,0.0,0.0,1.0,0.0,0.0,0.0,0.0,0.0,1.0,1.0,0.0
-1.3309536397843746,1.1438556741642336,1.3603706359757965,-0.6432494670875735,-1.2353507832384072,-0.4499436443692835,1.178860115170367,0.7663987284695665,-0.09790798262556814,0.5833853926513113,1.328544543306118,1.0410698456029082,0.28664469659690645,0.3291530523510115,0.34233826825241637,0.0989838245366199,-0.808693480927011,0.3492655889465581,0.0,1.0,1.0,1.0,1.0,0.0,0.0,0.0,1.0,0.0,1.0,0.0,0.0,1.0,0.0,0.0,0.0,1.0,0.0,1.0,0.0,0.0,0.0,1.0,1.0,1.0
-1.3309536397843746,1.1438556741642336,1.3603706359757965,-0.6432494670875735,1.1507790914763643,-0.4499436443692835,0.06219405883392808,-1.238419137394531,-0.997295264883693,-0.5406986566036541,-1.0037892104979562,1.0410698456029082,-0.464016000568473,-0.5758269175699826,0.07615004785929728,1.1145321541980449,0.15645904964027652,-0.23842304847150556,0.0,0.0,1.0,0.0,1.0,0.0,0.0,0.0,1.0,0.0,0.0,1.0,0.0,0.0,0.0,0.0,1.0,0.0,0.0,1.0,1.0,1.0,1.0,1.0,1.0,0.0
0.23837975637929248,0.2292342342960711,-0.4798567654298188,-0.6432494670875735,-0.04228584588102149,-0.4499436443692835,0.06219405883392808,-0.23601020446248228,-0.09790798262556814,0.5833853926513113,0.55109995870476,-1.1194691509635473,-0.21379576818001317,-0.5758269175699826,-0.19003817253382177,0.6067579893673323,-0.4950189084926425,-0.3853452078260215,0.0,0.0,0.0,0.0,0.0,0.0,1.0,0.0,0.0,0.0,1.0,0.0,0.0,1.0,0.0,0.0,1.0,0.0,0.0,1.0,1.0,0.0,1.0,1.0,1.0,0.0
1.023046454461126,0.2292342342960711,-0.4798567654298188,-0.6432494670875735,1.1507790914763643,-0.4499436443692835,1.178860115170367,-0.23601020446248228,-0.997295264883693,-0.5406986566036541,-1.0037892104979562,-0.3992894854413955,-0.5891261167627029,0.6308130423246762,0.34233826825241637,-0.4087903402940925,0.6993573480843757,0.4961877483010741,0.0,1.0,0.0,0.0,1.0,0.0,1.0,0.0,0.0,0.0,1.0,0.0,0.0,0.0,0.0,0.0,1.0,0.0,0.0,0.0,0.0,1.0,0.0,1.0,0.0,0.0
-1.3309536397843746,1.1438556741642336,0.4402569352729889,-0.6432494670875735,-0.04228584588102149,-0.4499436443692835,1.178860115170367,-1.238419137394531,-0.997295264883693,-0.5406986566036541,-1.0037892104979562,1.0410698456029082,0.28664469659690645,-0.8774869075436472,-0.7224146133200599,0.0989838245366199,-0.6880494146061,-0.8261116858895693,0.0,0.0,1.0,1.0,0.0,0.0,1.0,0.0,0.0,0.0,1.0,0.0,0.0,0.0,0.0,0.0,1.0,0.0,1.0,1.0,1.0,1.0,1.0,1.0,1.0,1.0
-0.5462869417025411,1.1438556741642336,0.4402569352729889,-0.6432494670875735,2.34384402883375,-0.4499436443692835,0.06219405883392808,-1.238419137394531,-0.997295264883693,-0.5406986566036541,-1.0037892104979562,-1.1194691509635473,-0.21379576818001317,2.4407729821666644,2.2056558110042497,0.0989838245366199,-0.060700269737363116,2.406175819909781,0.0,1.0,1.0,0.0,1.0,1.0,0.0,0.0,0.0,0.0,0.0,1.0,0.0,0.0,0.0,1.0,1.0,0.0,0.0,0.0,0.0,1.0,1.0,1.0,1.0,0.0
-0.5462869417025411,-0.6853872055720913,-0.4798567654298188,-0.6432494670875735,2.34384402883375,-0.4499436443692835,1.178860115170367,-1.238419137394531,-0.09790798262556814,-0.5406986566036541,0.55109995870476,-0.3992894854413955,-0.7142362329569328,0.027493062377346802,0.07615004785929728,0.0989838245366199,3.4138488403048717,0.05542127023752629,0.0,0.0,1.0,0.0,1.0,0.0,1.0,0.0,0.0,0.0,1.0,0.0,0.0,0.0,0.0,1.0,1.0,0.0,0.0,0.0,1.0,0.0,1.0,1.0,1.0,1.0
0.23837975637929248,0.2292342342960711,0.4402569352729889,-0.6432494670875735,-0.04228584588102149,-0.4499436443692835,1.178860115170367,-0.23601020446248228,-0.09790798262556814,0.5833853926513113,0.55109995870476,-1.8396488164856992,6.291930273919942,-0.5758269175699826,-0.45622639292694084,0.0989838245366199,-0.8912394210413184,-0.5322673671805375,0.0,0.0,1.0,1.0,1.0,0.0,1.0,0.0,0.0,0.0,1.0,0.0,0.0,0.0,0.0,1.0,1.0,0.0,0.0,1.0,0.0,1.0,1.0,1.0,1.0,1.0
1.8077131525429595,-1.6000086454402538,-1.3999704661326267,2.227750979235495,-1.2353507832384072,0.8964786247660724,0.06219405883392808,0.7663987284695665,0.8014792996325567,1.7074694419062766,0.55109995870476,1.0410698456029082,-0.21379576818001317,-0.8774869075436472,-0.7224146133200599,0.0989838245366199,-0.7121782278702822,-0.8261116858895693,1.0,1.0,0.0,0.0,1.0,0.0,1.0,0.0,0.0,0.0,1.0,0.0,0.0,1.0,0.0,0.0,0.0,1.0,0.0,1.0,0.0,0.0,1.0,1.0,1.0,0.0
-0.5462869417025411,-1.6000086454402538,-1.3999704661326267,3.663251202397029,-1.2353507832384072,-0.4499436443692835,1.178860115170367,1.7688076614016153,1.7008665818906816,3.955637540416207,2.1059891279074763,1.0410698456029082,0.03642446420844665,-0.2741669275963179,-0.7224146133200599,-0.9165645051248049,-0.7742237476924649,-0.5322673671805375,0.0,0.0,1.0,0.0,1.0,0.0,0.0,1.0,0.0,0.0,0.0,1.0,0.0,0.0,0.0,0.0,0.0,0.0,1.0,1.0,0.0,1.0,0.0,1.0,1.0,1.0
-0.5462869417025411,-1.6000086454402538,-0.4798567654298188,0.7922507560739607,-1.2353507832384072,0.8964786247660724,0.06219405883392808,0.7663987284695665,0.8014792996325567,0.5833853926513113,1.328544543306118,1.0410698456029082,-0.7142362329569328,-1.179146897517312,-2.8519203764650123,-3.455435329278367,0.15645904964027652,-2.1484111200802127,0.0,1.0,1.0,1.0,1.0,0.0,1.0,0.0,0.0,0.0,1.0,0.0,0.0,0.0,0.0,0.0,1.0,0.0,0.0,0.0,0.0,1.0,1.0,1.0,0.0,0.0
1.023046454461126,1.1438556741642336,0.4402569352729889,0.7922507560739607,-0.04228584588102149,-0.4499436443692835,0.06219405883392808,0.7663987284695665,1.7008665818906816,-0.5406986566036541,-0.2263446258965981,-1.1194691509635473,0.5368649289853663,-0.2741669275963179,-0.7224146133200599,-0.9165645051248049,-0.7319199841773404,-0.5322673671805375,0.0,0.0,1.0,1.0,1.0,0.0,1.0,0.0,0.0,0.0,1.0,0.0,0.0,1.0,0.0,0.0,0.0,1.0,0.0,1.0,1.0,0.0,1.0,1.0,1.0,1.0
1.023046454461126,-0.6853872055720913,-0.4798567654298188,-0.6432494670875735,1.1507790914763643,-0.4499436443692835,0.06219405883392808,-0.23601020446248228,-0.09790798262556814,-0.5406986566036541,-0.2263446258965981,-1.1194691509635473,-0.08868565198578325,2.1391129921929997,1.9394675906111307,0.0989838245366199,-0.3864392488038227,2.112331501200749,0.0,0.0,1.0,0.0,1.0,0.0,0.0,0.0,0.0,0.0,0.0,0.0,0.0,0.0,1.0,0.0,1.0,0.0,0.0,1.0,1.0,0.0,1.0,1.0,1.0,0.0
1.023046454461126,-0.6853872055720913,-0.4798567654298188,-0.6432494670875735,-1.2353507832384072,2.2429008939014285,-1.0544719975025107,-0.23601020446248228,-0.09790798262556814,-0.5406986566036541,-0.2263446258965981,0.32089018008075637,-0.7142362329569328,-1.179146897517312,-1.7871674948925362,-1.4243386699555172,0.15645904964027652,-1.5607224826621489,0.0,1.0,0.0,0.0,1.0,0.0,0.0,1.0,0.0,0.0,1.0,0.0,0.0,0.0,0.0,1.0,1.0,0.0,0.0,1.0,0.0,1.0,1.0,1.0,1.0,0.0
3.377046548706627,-1.6000086454402538,-1.3999704661326267,-0.6432494670875735,-1.2353507832384072,3.5893231630367843,1.178860115170367,1.7688076614016153,-0.09790798262556814,1.7074694419062766,0.55109995870476,-0.3992894854413955,-0.33890588437424307,-0.2741669275963179,-0.7224146133200599,-0.9165645051248049,-0.6578883980258723,-0.5322673671805375,1.0,1.0,0.0,0.0,1.0,0.0,1.0,0.0,0.0,0.0,1.0,0.0,0.0,0.0,0.0,0.0,0.0,1.0,0.0,0.0,0.0,0.0,0.0,1.0,0.0,0.0
0.23837975637929248,0.2292342342960711,-0.4798567654298188,0.7922507560739607,-0.04228584588102149,-0.4499436443692835,0.06219405883392808,0.7663987284695665,0.8014792996325567,-0.5406986566036541,0.55109995870476,-1.8396488164856992,-0.464016000568473,0.9324730322983409,1.1409029294317736,0.6067579893673323,-0.20547314932245633,1.0838763857191378,0.0,0.0,1.0,1.0,1.0,0.0,1.0,0.0,0.0,0.0,1.0,0.0,0.0,0.0,0.0,1.0,1.0,0.0,0.0,0.0,1.0,0.0,1.0,1.0,1.0,0.0
-0.5462869417025411,-0.6853872055720913,-1.3999704661326267,-0.6432494670875735,-0.04228584588102149,-0.4499436443692835,0.06219405883392808,-0.23601020446248228,1.7008665818906816,-0.5406986566036541,-1.0037892104979562,1.0410698456029082,-0.464016000568473,-0.8774869075436472,-0.45622639292694084,0.6067579893673323,-0.20547314932245633,-0.6791895265350534,0.0,0.0,1.0,0.0,1.0,0.0,1.0,0.0,0.0,0.0,1.0,0.0,0.0,0.0,0.0,0.0,1.0,0.0,0.0,1.0,1.0,0.0,1.0,1.0,0.0,1.0
0.23837975637929248,-1.6000086454402538,-1.3999704661326267,-0.6432494670875735,-0.04228584588102149,-0.4499436443692835,0.06219405883392808,-0.23601020446248228,-0.09790798262556814,-0.5406986566036541,-0.2263446258965981,0.32089018008075637,-0.464016000568473,0.3291530523510115,-0.19003817253382177,-0.9165645051248049,-0.20547314932245633,0.05542127023752629,0.0,1.0,1.0,0.0,1.0,0.0,1.0,0.0,0.0,0.0,1.0,0.0,0.0,0.0,0.0,1.0,0.0,0.0,0.0,0.0,1.0,0.0,0.0,1.0,1.0,0.0
0.23837975637929248,-1.6000086454402538,-1.3999704661326267,-0.6432494670875735,1.1507790914763643,0.8964786247660724,0.06219405883392808,-0.23601020446248228,0.8014792996325567,-0.5406986566036541,-1.0037892104979562,1.0410698456029082,-0.7142362329569328,-1.4808068874909766,-1.520979274499417,-0.4087903402940925,2.3280522434166735,-1.5607224826621489,0.0,0.0,1.0,0.0,1.0,0.0,0.0,0.0,0.0,0.0,1.0,0.0,0.0,0.0,0.0,1.0,1.0,0.0,0.0,1.0,0.0,1.0,1.0,1.0,0.0,1.0
1.023046454461126,-0.6853872055720913,-0.4798567654298188,0.7922507560739607,-0.04228584588102149,-0.4499436443692835,-1.0544719975025107,-0.23601020446248228,-0.09790798262556814,3.955637540416207,2.1059891279074763,0.32089018008075637,-0.7142362329569328,0.3291530523510115,0.6085264886455354,0.6067579893673323,1.242255646528475,0.4961877483010741,0.0,1.0,1.0,0.0,1.0,0.0,1.0,0.0,0.0,0.0,1.0,0.0,0.0,1.0,0.0,0.0,1.0,0.0,0.0,1.0,1.0,0.0,1.0,1.0,1.0,0.0
-1.3309536397843746,1.1438556741642336,0.4402569352729889,0.7922507560739607,-0.04228584588102149,-0.4499436443692835,1.178860115170367,0.7663987284695665,-0.09790798262556814,-0.5406986566036541,-0.2263446258965981,-0.3992894854413955,-0.464016000568473,-0.2741669275963179,-0.19003817253382177,0.0989838245366199,-0.20547314932245633,-0.23842304847150556,0.0,1.0,1.0,0.0,1.0,0.0,0.0,0.0,1.0,0.0,1.0,0.0,0.0,0.0,0.0,0.0,1.0,0.0,0.0,1.0,1.0,0.0,1.0,1.0,1.0,0.0
-1.3309536397843746,1.1438556741642336,-0.4798567654298188,-0.6432494670875735,-1.2353507832384072,-0.4499436443692835,-2.1711380538389498,-1.238419137394531,0.8014792996325567,0.5833853926513113,1.328544543306118,-1.8396488164856992,-0.21379576818001317,1.2341330222720055,1.4070911498248926,0.6067579893673323,-0.7121782278702822,1.3777207044281696,0.0,1.0,1.0,0.0,1.0,1.0,0.0,0.0,0.0,0.0,0.0,1.0,0.0,0.0,1.0,0.0,1.0,0.0,0.0,0.0,1.0,0.0,1.0,1.0,1.0,0.0
1.023046454461126,0.2292342342960711,-1.3999704661326267,-0.6432494670875735,-0.04228584588102149,-0.4499436443692835,0.06219405883392808,-0.23601020446248228,0.8014792996325567,-0.5406986566036541,-1.0037892104979562,-1.8396488164856992,-0.7142362329569328,-1.179146897517312,-0.45622639292694084,1.1145321541980449,1.242255646528475,-0.8261116858895693,1.0,0.0,1.0,1.0,1.0,0.0,0.0,0.0,1.0,0.0,0.0,1.0,0.0,0.0,0.0,0.0,1.0,0.0,0.0,1.0,1.0,0.0,1.0,1.0,1.0,0.0
-0.5462869417025411,0.2292342342960711,0.4402569352729889,2.227750979235495,-1.2353507832384072,-0.4499436443692835,-1.0544719975025107,-0.23601020446248228,0.8014792996325567,1.7074694419062766,2.1059891279074763,-0.3992894854413955,0.28664469659690645,-0.5758269175699826,-0.45622639292694084,0.0989838245366199,-0.808693480927011,-0.5322673671805375,0.0,1.0,0.0,1.0,1.0,0.0,0.0,0.0,1.0,0.0,1.0,0.0,0.0,1.0,0.0,0.0,0.0,0.0,0.0,1.0,1.0,1.0,1.0,1.0,1.0,0.0
-1.3309536397843746,0.2292342342960711,-0.4798567654298188,-0.6432494670875735,-0.04228584588102149,-0.4499436443692835,0.06219405883392808,-1.238419137394531,-0.997295264883693,-0.5406986566036541,-1.0037892104979562,-1.8396488164856992,-0.7142362329569328,1.5357930122456702,1.9394675906111307,1.1145321541980449,1.242255646528475,1.8184871824917175,0.0,1.0,1.0,1.0,0.0,0.0,0.0,1.0,0.0,0.0,1.0,0.0,0.0,1.0,0.0,0.0,1.0,0.0,0.0,1.0,1.0,0.0,1.0,1.0,1.0,0.0
0.23837975637929248,-1.6000086454402538,-1.3999704661326267,2.227750979235495,-1.2353507832384072,0.8964786247660724,1.178860115170367,-1.238419137394531,-1.896682547141818,-0.5406986566036541,-0.2263446258965981,-1.8396488164856992,-0.7142362329569328,-1.179146897517312,-1.254791054106298,-0.4087903402940925,0.15645904964027652,-1.266878163953117,1.0,0.0,0.0,0.0,1.0,0.0,1.0,0.0,0.0,0.0,0.0,1.0,0.0,0.0,0.0,1.0,1.0,0.0,0.0,1.0,1.0,0.0,1.0,1.0,1.0,1.0
-0.5462869417025411,-0.6853872055720913,-0.4798567654298188,0.7922507560739607,-0.04228584588102149,0.8964786247660724,-1.0544719975025107,-0.23601020446248228,-0.09790798262556814,-0.5406986566036541,-0.2263446258965981,-0.3992894854413955,2.413516671898815,-1.179146897517312,-0.19003817253382177,1.6223063190287572,-0.8458147321026758,-0.6791895265350534,0.0,0.0,1.0,1.0,1.0,0.0,1.0,0.0,0.0,0.0,1.0,0.0,0.0,1.0,0.0,0.0,1.0,0.0,0.0,1.0,0.0,1.0,0.0,1.0,1.0,1.0
-0.5462869417025411,0.2292342342960711,0.4402569352729889,-0.6432494670875735,-0.04228584588102149,0.8964786247660724,0.06219405883392808,1.7688076614016153,1.7008665818906816,2.831553491161242,1.328544543306118,1.0410698456029082,-0.21379576818001317,-0.2741669275963179,0.34233826825241637,1.1145321541980449,-0.4950189084926425,0.05542127023752629,0.0,1.0,1.0,0.0,1.0,0.0,1.0,0.0,0.0,0.0,0.0,1.0,0.0,0.0,0.0,0.0,0.0,0.0,0.0,1.0,1.0,0.0,1.0,1.0,1.0,1.0
1.023046454461126,-0.6853872055720913,-1.3999704661326267,0.7922507560739607,-0.04228584588102149,-0.4499436443692835,0.06219405883392808,-0.23601020446248228,1.7008665818906816,-0.5406986566036541,-0.2263446258965981,-0.3992894854413955,-0.7142362329569328,-1.4808068874909766,-2.8519203764650123,-2.9476611644476547,1.242255646528475,-2.2953332794347285,0.0,0.0,0.0,0.0,1.0,0.0,1.0,0.0,0.0,0.0,1.0,0.0,0.0,0.0,0.0,1.0,1.0,0.0,0.0,1.0,0.0,0.0,1.0,0.0,1.0,1.0
0.23837975637929248,1.1438556741642336,0.4402569352729889,0.7922507560739607,-0.04228584588102149,-0.4499436443692835,-2.1711380538389498,1.7688076614016153,1.7008665818906816,-0.5406986566036541,1.328544543306118,1.0410698456029082,1.0373053937622858,0.3291530523510115,0.34233826825241637,0.0989838245366199,-0.7845646676628288,0.3492655889465581,0.0,1.0,1.0,1.0,1.0,1.0,0.0,0.0,0.0,0.0,1.0,0.0,0.0,0.0,0.0,0.0,1.0,0.0,0.0,0.0,0.0,1.0,1.0,1.0,1.0,1.0
-0.5462869417025411,1.1438556741642336,1.3603706359757965,-0.6432494670875735,-0.04228584588102149,-0.4499436443692835,0.06219405883392808,0.7663987284695665,1.7008665818906816,3.955637540416207,2.1059891279074763,1.0410698456029082,1.2875256261507457,-0.2741669275963179,0.34233826825241637,1.1145321541980449,-0.8015967711434279,0.05542127023752629,0.0,1.0,1.0,0.0,1.0,0.0,0.0,0.0,1.0,0.0,0.0,0.0,1.0,1.0,0.0,0.0,1.0,0.0,0.0,1.0,1.0,1.0,1.0,1.0,1.0,1.0
-0.5462869417025411,0.2292342342960711,0.4402569352729889,-0.6432494670875735,-0.04228584588102149,-0.4499436443692835,0.06219405883392808,-1.238419137394531,-0.09790798262556814,-0.5406986566036541,-0.2263446258965981,-0.3992894854413955,-0.464016000568473,0.3291530523510115,0.6085264886455354,0.6067579893673323,-0.20547314932245633,0.4961877483010741,0.0,1.0,1.0,0.0,1.0,0.0,0.0,1.0,0.0,0.0,1.0,0.0,0.0,1.0,0.0,0.0,1.0,0.0,0.0,0.0,1.0,1.0,1.0,1.0,1.0,1.0
1.023046454461126,-0.6853872055720913,-1.3999704661326267,-0.6432494670875735,-1.2353507832384072,0.8964786247660724,-1.0544719975025107,-1.238419137394531,1.7008665818906816,0.5833853926513113,2.1059891279074763,1.0410698456029082,-0.21379576818001317,-1.4808068874909766,-0.45622639292694084,1.6223063190287572,-0.7121782278702822,-0.9730338452440852,0.0,1.0,1.0,0.0,1.0,0.0,0.0,1.0,0.0,0.0,0.0,1.0,0.0,0.0,1.0,0.0,1.0,0.0,0.0,0.0,0.0,0.0,0.0,0.0,1.0,0.0
1.023046454461126,1.1438556741642336,1.3603706359757965,-0.6432494670875735,-0.04228584588102149,-0.4499436443692835,0.06219405883392808,-1.238419137394531,0.8014792996325567,-0.5406986566036541,-1.0037892104979562,0.32089018008075637,1.0373053937622858,0.3291530523510115,-0.19003817253382177,-0.9165645051248049,-0.7845646676628288,0.05542127023752629,0.0,0.0,1.0,1.0,0.0,1.0,0.0,0.0,0.0,0.0,1.0,0.0,0.0,1.0,0.0,0.0,1.0,0.0,0.0,1.0,0.0,0.0,1.0,1.0,1.0,1.0
1.8077131525429595,-1.6000086454402538,-1.3999704661326267,2.227750979235495,-0.04228584588102149,3.5893231630367843,1.178860115170367,0.7663987284695665,0.8014792996325567,1.7074694419062766,0.55109995870476,-1.1194691509635473,0.28664469659690645,-0.8774869075436472,-0.9886028337131789,-0.4087903402940925,-0.6880494146061,-0.9730338452440852,1.0,1.0,0.0,0.0,1.0,0.0,1.0,0.0,0.0,0.0,0.0,1.0,0.0,1.0,0.0,0.0,0.0,1.0,0.0,0.0,0.0,0.0,1.0,1.0,1.0,0.0
